Protocolo,Data_Inicio,Hora_Inicio,Agente,assunto_principal,status_solucao,qualidade_atendimento,resumo_atendimento,Duracao,Tem_Audio,Resposto_Por_Agente,Qtd_Msgs_Agente,Tempo_Ate_Encerramento_Seg
2026092400182,24/09/2026,08:46:01,Silvania Barreto,Situação Eleitoral / Título Cancelado ou Regular,Não Resolvido,Respeitoso e Cortês,"O eleitor perguntou sobre onde tirar o título e foi informado que o cadastro está fechado, podendo ser realizado apenas em novembro. O atendimento foi respeitoso e cortês.",01:09:30,False,True,3,0.0
2026092400186,24/09/2026,08:49:02,Márcia Gomes,Teste/Desconsiderado,Teste/Desconsiderado,Respeitoso e Cortês,"A conversa foi um atendimento de teste interno, sem solução para uma dúvida específica do eleitor.",00:32:54,False,True,2,0.0
2026092400198,24/09/2026,09:03:14,Márcia Gomes,Treinamento / Convocação de Mesário,Resolvido,Respeitoso e Cortês,A eleitora solicitou informações sobre o treinamento presencial de mesário e foi orientada sobre a necessidade de realizar o curso online e comparecer nas eleições para cumprir suas obrigações.,00:18:05,False,True,10,1.0
2026092400201,24/09/2026,09:05:05,Silvania Barreto,Local de Votação / Seção Eleitoral,Resolvido,Respeitoso e Cortês,O eleitor solicitou a localização da seção onde votar para um amigo. O operador encaminhou o eleitor para o site do TSE para emitir uma segunda via do título eleitoral.,01:50:34,False,True,10,4512.0
2026092400203,24/09/2026,09:05:12,Márcia Gomes,Justificativa Eleitoral,Resolvido,Respeitoso e Cortês,"O eleitor solicitou orientações sobre como votar após o prazo de transferência eleitoral ter encerrado. A operadora explicou que, no dia da eleição, ela poderia votar no local de votação do seu domicílio eleitoral, ou transferir para o local de votação do seu domicílio no início de novembro, quando o cadastro reabriria.",01:38:23,True,True,10,0.0
2026092400204,24/09/2026,09:05:21,Márcia Gomes,Situação Eleitoral / Título Cancelado ou Regular,Resolvido,Respeitoso e Cortês,"O eleitor teve seu título eleitoral cancelado e foi informado sobre o prazo para regularização, que seria quando reabrir o cadastro eleitoral em novembro.",00:33:05,True,True,5,1.0
2026092400223,24/09/2026,09:18:32,Marcos Antônio Monteiro Júnior,Justificativa Eleitoral,Resolvido,Atencioso,O eleitor perdeu a identidade e não tinha nenhum documento com foto. O operador orientou sobre a necessidade de um documento com foto para votar e informou sobre a possibilidade de justificar a ausência pelo aplicativo 'E-titulo'.,01:15:44,False,True,8,3606.0
2026092400224,24/09/2026,09:19:37,Márcia Gomes,Justificativa Eleitoral,Resolvido,Atencioso e Clarificador,"O eleitor solicitou informações sobre a dispensa de fila devido à doença de Parkinson de seu pai. O operador informou que a declaração de Parkinson é suficiente para autorizar acompanhamento, e orientou sobre a convocação para a seção eleitoral correspondente.",02:04:37,False,True,7,3642.0
2026092400225,24/09/2026,09:19:37,Cláudia,Local de Votação / Seção Eleitoral,Resolvido,Respeitoso e Cortês,O eleitor fez uma consulta sobre transporte gratuito para a eleição e recebeu orientações sobre a lei e a resolução aplicáveis. O atendimento foi encerrado após esclarecer a dúvida do eleitor.,01:50:51,False,True,10,3604.0
2026092400234,24/09/2026,09:21:47,Cláudia,Outros Assuntos,Resolvido,Respeitoso e Cortês,"A consulta do eleitor sobre a cor da camiseta para auxiliares de divulgação nas eleições foi atendida, e a orientação foi dada de forma clara e respeitosa.",01:36:07,False,True,5,3607.0
2026092400239,24/09/2026,09:23:24,Silvania Barreto,Multa / Quitação Eleitoral / Certidões,Resolvido,Respeitoso e Cortês,O eleitor fez uma consulta sobre o valor e como pagar uma multa eleitoral e recebeu orientações no site do TSE.,01:22:22,False,True,7,0.0
2026092400241,24/09/2026,09:24:41,André Gomes,Local de Votação / Seção Eleitoral,Resolvido,Respeitoso e Cortês,O eleitor solicitou informações sobre a votação de um idoso com problemas de visão. O operador explicou que o eleitor com deficiência ou mobilidade reduzida pode ser auxiliado por outra pessoa durante o voto. O atendimento foi respeitoso e o eleitor agradeceu.,01:10:17,False,True,2,0.0
2026092400242,24/09/2026,09:25:32,Márcia Gomes,Local de Votação / Seção Eleitoral,Resolvido,Atencioso e Clarificando,"A eleitora solicitou orientação sobre como enviar a solicitação de dispensa de convocação para a seção eleitoral 064. A operadora informou que deveria ser enviada por e-mail, junto com os documentos necessários, e encaminhou a informação para a solução do problema.",01:31:51,False,True,8,3606.0
2026092400245,24/09/2026,09:29:56,André Gomes,Multa / Quitação Eleitoral / Certidões,Não Resolvido,Respeitoso e Cortês,O eleitor perguntou sobre o voto em trânsito e foi informado que o período encerrou. O operador não respondeu adequadamente às dúvidas do eleitor.,01:11:28,False,True,2,3634.0
2026092400249,24/09/2026,09:33:26,Márcia Gomes,Local de Votação / Seção Eleitoral,Não Resolvido,Atendimento Incompleto,"O eleitor solicitou informações sobre como chegar à seção eleitoral de Tacima PB, onde ele seria o primeiro secretário de mesário. O operador apenas confirmou que Tacima faz parte da Zona Eleitoral de Guarabira e perguntou sobre o município de origem do eleitor, mas não forneceu as informações solicitadas sobre a seção eleitoral.",01:38:07,False,True,8,3606.0
2026092400251,24/09/2026,09:33:57,Márcia Gomes,Treinamento / Convocação de Mesário,Não Resolvido,Respeitoso e Cortês,"O eleitor solicitou informações sobre folgas referente ao treinamento de mesário. A operadora informou que o direito a folga é adquirido quando o treinamento é presencial, e não online. O atendimento foi encerrado sem resolver a dúvida do eleitor.",04:40:30,False,True,8,3606.0
2026092400255,24/09/2026,09:42:53,Cláudia,Treinamento / Convocação de Mesário,Resolvido,Respeitoso e Cortês,O eleitor tirou dúvidas sobre o treinamento de mesário voluntário e a sua função na seção eleitoral. A operadora informou que os Segundos Mesários devem fazer o treinamento via aplicativo móvel e confirmou que o eleitor é o 1º secretário.,00:39:56,False,True,6,0.0
2026092400256,24/09/2026,09:44:05,Márcia Gomes,Local de Votação / Seção Eleitoral,Resolvido,Respeitoso e Cortês,"O eleitor solicitou mudar a seção eleitoral para onde vota, mas foi informado que as mudanças solicitadas já não poderiam ser feitas. O operador encaminhou o eleitor para entrar em contato com a Zona Eleitoral para obter assistência.",01:09:55,False,True,8,1.0
2026092400258,24/09/2026,09:47:48,Roberto Cezar,Justificativa Eleitoral,Resolvido,Respeitoso e Cortês,"O eleitor solicitou orientação sobre como justificar a ausência de sua sogra com Alzheimer, que não pode votar. O operador informou sobre o prazo e os meios de apresentar a justificativa, incluindo o aplicativo e-Título e o sistema Autoatendimento Eleitoral – Título Net.",00:31:54,False,True,6,1.0
2026092400260,24/09/2026,09:50:28,Marcos Antônio Monteiro Júnior,Multa / Quitação Eleitoral / Certidões,Não Resolvido,Não Respeitoso,O operador não respondeu adequadamente à dúvida do eleitor sobre o Pix de mesário e não ofereceu assistência para a questão da chave PIX ou auxílio alimentação.,01:43:01,False,True,4,3748.0
2026092400266,24/09/2026,10:02:28,Roberto Cezar,Justificativa Eleitoral,Não Resolvido,Desconectado,"O eleitor solicitou informações sobre como justificar sua ausência devido a um atestado médico, mas não houve resposta ou encaminhamento adequado.",01:41:01,False,True,3,3601.0
2026092400268,24/09/2026,10:05:18,Roberto Cezar,Outros Assuntos,Não Resolvido,Não Resolvido,O atendimento foi encerrado pois não houve resposta sobre a informação que o eleitor precisava. O eleitor não recebeu a informação que buscava.,01:32:40,False,True,3,3603.0
2026092400286,24/09/2026,10:23:06,Roberto Cezar,Justificativa Eleitoral,Resolvido,Respeitoso e Cortês,O eleitor obteve esclarecimentos sobre a declaração de folgas e o número de dias de folga por dia trabalhado. O operador encaminhou um Guia do Eleitor para mais informações.,01:16:31,False,True,10,3606.0
2026092400287,24/09/2026,10:23:26,Cláudia,Multa / Quitação Eleitoral / Certidões,Resolvido,Atento e Preciso,O eleitor pagou uma multa e recebeu confirmação de pagamento. O operador esclareceu que a inscrição estava regular e que não havia mais dúvidas para o atendimento.,00:24:16,False,True,13,0.0
2026092400288,24/09/2026,10:24:08,Roberto Cezar,Situação Eleitoral / Título Cancelado ou Regular,Resolvido,Atendimento Completo,"O eleitor foi informado que estava regular e apto a votar, e o atendimento foi encerrado após a confirmação de sua situação eleitoral.",01:21:37,False,True,7,3604.0
2026092400292,24/09/2026,10:27:57,Marcos Antônio Monteiro Júnior,Local de Votação / Seção Eleitoral,Resolvido,Respeitoso e Cortês,"O eleitor solicitou a verificação de sua seção eleitoral e foi informado que precisaria ser feita por ele mesmo. A consulta foi realizada e confirmada, e o atendimento foi encerrado com agradecimento.",00:25:17,False,True,4,1.0
2026092400294,24/09/2026,10:30:40,Marcos Antônio Monteiro Júnior,Local de Votação / Seção Eleitoral,Resolvido,Respeitoso e Cortês,"O eleitor obteve orientações sobre os locais de votação em João Pessoa, os dias e horários de votação, e foi informado sobre a possibilidade de justificar o voto. Além disso, foi esclarecido sobre a ausência de custos para justificar o voto e a necessidade de aguardar a reabertura do cadastro eleitoral para mudar o título.",01:42:32,False,True,22,3616.0
2026092400297,24/09/2026,10:33:53,Roberto Cezar,Multa / Quitação Eleitoral / Certidões,Resolvido,Respeitoso e Cortês,O eleitor pagou a multa referente ao seu título eleitoral e foi encaminhado o arquivo da guia de recolhimento para pagamento.,01:14:26,False,True,6,3606.0
2026092400298,24/09/2026,10:34:51,André Gomes,Multa / Quitação Eleitoral / Certidões,Não Resolvido,Respeitoso e Cortês,"O eleitor solicitou informações sobre como votar sem o título de eleitor, tendo problemas com a recuperação de senha e multa. O operador informou que não era necessário o título para votar, bastando um documento com foto, e que a carteira de trabalho física poderia ser usada, desde que legível.",01:23:50,False,True,6,3625.0
2026092400301,24/09/2026,10:37:40,Roberto Cezar,Situação Eleitoral / Título Cancelado ou Regular,Não Resolvido,Respeitoso e Cortês,"O eleitor teve problemas com o aplicativo e-título e solicitou informações sobre a biometria. O operador orientou sobre a possibilidade de desinstalar e reinstalar o aplicativo, mas não respondeu diretamente às dúvidas sobre a biometria e o funcionamento do aplicativo.",00:14:31,False,True,7,0.0
2026092400305,24/09/2026,10:42:36,Silvania Barreto,Local de Votação / Seção Eleitoral,Resolvido,Respeitoso e Cortês,O eleitor solicitou informações sobre o local de votação anterior e foi informado corretamente. O atendimento foi eficaz e respeitoso.,01:10:11,False,True,5,1.0
2026092400308,24/09/2026,10:45:34,Cláudia,Situação Eleitoral / Título Cancelado ou Regular,Resolvido,Atento e Preciso,"O eleitor teve problemas para acessar a segunda via do seu título eleitoral devido a uma divergência no nome do seu pai. O operador orientou-o a verificar e corrigir o nome, que foi resolvido. Além disso, foi informado sobre a possibilidade de realizar a alteração do nome do pai no mesmo link.",02:19:33,False,True,18,6236.0
2026092400310,24/09/2026,10:49:22,Roberto Cezar,Situação Eleitoral / Título Cancelado ou Regular,Resolvido,Respeitoso e Cortês,"O eleitor teve suas dúvidas sobre a biometria e o título eleitoral esclarecidas. O operador informou que a situação eleitoral estava regular e que o eleitor poderia votar normalmente, lembrando de levar um documento oficial com foto no dia da eleição.",00:11:35,False,True,12,1.0
2026092400317,24/09/2026,10:53:22,Roberto Cezar,Justificativa Eleitoral,Não Resolvido,Atendimento Informativo,"O eleitor solicitou informações sobre regularização de título para votar no segundo turno, mas foi informado que seu título estava cancelado devido a faltas sucessivas às eleições. O operador informou que a regularização só será possível após as próximas eleições municipais.",00:32:06,False,True,10,0.0
2026092400323,24/09/2026,10:58:18,Roberto Cezar,Multa / Quitação Eleitoral / Certidões,Não Resolvido,Atendimento Incompleto,"O eleitor solicitou a segunda via do título de seu esposo, mas o operador informou que não é possível fornecer documentos de terceiros. O operador perguntou se havia algo mais que poderia ajudar, mas o eleitor encerrou a conversa sem responder.",00:26:44,False,True,12,1.0
2026092400327,24/09/2026,11:03:29,Roberto Cezar,Outros Assuntos,Não Resolvido,Respeitoso e Cortês,O atendimento não respondeu adequadamente às dúvidas do eleitor sobre transporte gratuito para votação e encerrou sem fornecer uma solução.,00:23:02,True,True,8,1.0
2026092400328,24/09/2026,11:06:55,Silvania Barreto,Justificativa Eleitoral,Não Resolvido,Atento e Informativo,"O eleitor teve dúvidas sobre a suspensão de seu título eleitoral devido a uma condenação criminal. O operador informou que ele deve verificar o processo no cartório e quando a anotação será removida após as eleições, mas não conseguiu resolver a questão de forma definitiva.",03:28:09,False,True,14,3661.0
2026092400336,24/09/2026,11:14:25,João Fidelis,Situação Eleitoral / Título Cancelado ou Regular,Resolvido,Respeitoso e Cortês,"O eleitor solicitou informações sobre como obter uma certidão de seu filho, que não possui título eleitoral. O operador informou que a certidão poderia ser obtida no cartório eleitoral de Queimadas, que está fechado, mas que poderia ser solicitada amanhã, após o feriado. O atendimento foi encerrado com um bom dia.",01:19:40,False,True,6,3605.0
2026092400337,24/09/2026,11:14:31,Marcos Antônio Monteiro Júnior,Local de Votação / Seção Eleitoral,Não Resolvido,Atendimento Incompleto,"O eleitor solicitou alterar o local de votação, mas o operador informou que o prazo para alterar a mudança foi até 05 de maio e que o sistema fica fechado após a reabertura do cadastro. O operador sugeriu que o eleitor fizesse a alteração presencialmente no Cartório Eleitoral ou pela internet.",01:15:11,False,True,5,3606.0
2026092400338,24/09/2026,11:15:06,João Fidelis,Multa / Quitação Eleitoral / Certidões,Não Resolvido,Respeitoso e Cortês,"O eleitor solicitou informações sobre o horário de atendimento da Zona Eleitoral 70 e pediu auxílio para imprimir a carta de convocação. O operador informou o horário de atendimento e encerrou o atendimento, sugerindo que o eleitor mandasse um 'olá' caso precisasse de mais alguma coisa.",01:24:13,False,True,8,1.0
2026092400340,24/09/2026,11:19:54,João Fidelis,Local de Votação / Seção Eleitoral,Resolvido,Atento e Preciso,O eleitor solicitou informações sobre a convocação de mesário e foi encaminhado ao cartório eleitoral de Campina Grande para obter as informações necessárias.,01:17:37,False,True,6,3604.0
2026092400343,24/09/2026,11:24:31,Marcos Antônio Monteiro Júnior,Situação Eleitoral / Título Cancelado ou Regular,Resolvido,Respeitoso e Cortês,"O eleitor teve sua dúvida sobre os dados biométricos corrigidos resolvida, sendo orientado a consultar a certidão de quitação eleitoral para verificar os dados dos pais. Marcos Antônio Monteiro Júnior encerrou a conversa agradecendo ao eleitor.",00:08:26,False,True,5,0.0
2026092400345,24/09/2026,11:25:31,João Fidelis,Situação Eleitoral / Título Cancelado ou Regular,Não Resolvido,Respeitoso e Cortês,"O eleitor solicitou a emissão da segunda via do seu título eleitoral e atualização de dados, mas não conseguiu acessar o link fornecido. O operador orientou sobre a necessidade de documentos pessoais para a emissão, mas não conseguiu atender a solicitação devido à falta de interação.",01:44:35,False,True,4,3605.0
2026092400351,24/09/2026,11:34:18,João Fidelis,Treinamento / Convocação de Mesário,Resolvido,Respeitoso e Cortês,"O eleitor tirou dúvidas sobre o treinamento de mesário e a quantidade de folgas, sendo esclarecido sobre os direitos previstos na Lei nº 9.504/1997 e encaminhado para consulta junto à assessoria jurídica do órgão.",00:21:44,False,True,8,1.0
2026092400361,24/09/2026,11:48:58,João Fidelis,Multa / Quitação Eleitoral / Certidões,Resolvido,Respeitoso e Cortês,O eleitor solicitou a emissão de uma guia para pagar a multa de não votar no segundo turno. O operador solicitou dados pessoais e encaminhou o processo para emissão da guia.,00:11:25,False,True,6,0.0
2026092400362,24/09/2026,11:49:49,João Fidelis,Situação Eleitoral / Título Cancelado ou Regular,Não Resolvido,Atento e Empático,"O eleitor solicitou regularização de seu título eleitoral para poder votar, mas foi informado que o cadastro eleitoral estava fechado e que não seria possível regularizar a situação nesse momento. O atendimento foi atento e empático, mas não foi possível resolver a questão.",01:22:46,False,True,5,3613.0
2026092400364,24/09/2026,11:51:18,João Fidelis,Outros Assuntos,Não Resolvido,Não Respeitoso,O diálogo não abordou nenhum assunto específico relacionado aos tópicos mencionados. O atendimento foi superficial e não respondeu a nenhuma dúvida do eleitor.,00:08:11,False,True,3,1.0
2026092400368,24/09/2026,11:57:05,João Fidelis,Local de Votação / Seção Eleitoral,Resolvido,Respeitoso e Cortês,O eleitor confirmou sua convocação para trabalhar na seção de votação e foi orientado sobre a hora de comparecimento. O atendimento foi encerrado com a promessa de retorno caso o eleitor precisasse de mais alguma coisa.,01:20:43,False,True,4,3606.0
2026092400369,24/09/2026,11:58:52,João Fidelis,Local de Votação / Seção Eleitoral,Resolvido,Respeitoso e Cortês,"O eleitor solicitou informações sobre o local de votação para a seção eleitoral 21. O operador forneceu o endereço e os telefones do cartório eleitoral de Picuí, Paraíba, e encerrou a conversa.",00:14:08,True,True,4,1.0
2026092400370,24/09/2026,12:00:04,João Fidelis,Justificativa Eleitoral,Resolvido,Respeitoso e Cortês,O eleitor solicitou orientação sobre como enviar um atestado de justificativa para não comparecer à seção eleitoral devido a um problema de saúde. O operador forneceu o contato do cartório eleitoral de João Pessoa e encerrou a conversa.,00:21:56,False,True,4,1.0
2026092400393,24/09/2026,12:04:10,João Fidelis,Local de Votação / Seção Eleitoral,Não Resolvido,Respeitoso e Cortês,"O eleitor solicitou informações sobre a possibilidade de troca de seção para mesário, mas não foi possível realizar a troca. O operador informou que o eleitor ainda poderia votar na seção 207 e encerrou o atendimento.",01:19:06,False,True,5,3606.0
2026092400429,24/09/2026,12:09:54,João Fidelis,Justificativa Eleitoral,Não Resolvido,Desconectado,"O eleitor solicitou orientação sobre como justificar ausência por atestado, mas o operador apenas encaminhou para um contato telefônico com o cartório eleitoral. O eleitor encerrou a conversa sem receber uma resposta satisfatória.",00:05:40,False,True,4,0.0
2026092400430,24/09/2026,12:10:58,João Fidelis,Local de Votação / Seção Eleitoral,Não Resolvido,Respeitoso e Cortês,O eleitor solicitou orientação sobre como proceder em caso de ausência devido a um AVC. O operador informou sobre o local do fórum e encaminhou para contato telefônico para esclarecimento adicional.,00:12:21,False,True,6,0.0
2026092400431,24/09/2026,12:14:58,João Fidelis,Multa / Quitação Eleitoral / Certidões,Não Resolvido,Não Respeitoso,"O eleitor solicitou informações sobre o Auxílio- Alimentação e Pix, mas o operador não respondeu adequadamente e apenas confirmou que o eleitor já tinha o Auxílio- Alimentação. O atendimento não foi respeitoso e o eleitor não recebeu a informação que precisava.",01:13:41,False,True,3,3605.0
2026092400433,24/09/2026,12:20:32,Roberto Cezar,Local de Votação / Seção Eleitoral,Resolvido,Respeitoso e Cortês,O eleitor solicitou informações sobre convocações para trabalhar em uma seção eleitoral específica (Zona Eleitoral 70). O operador orientou-o a entrar em contato com o Cartório Eleitoral para afastar uma das convocações e forneceu os dados de contato da chefia do Cartório.,00:12:14,False,True,8,1.0
2026092400434,24/09/2026,12:21:43,Roberto Cezar,Justificativa Eleitoral,Resolvido,Respeitoso e Cortês,"O eleitor solicitou informações sobre o número de folgas que tem direito como funcionária do estado da Paraíba. O operador informou que são concedidas duas folgas por dia trabalhado, com possíveis leis locais que podem alterar essa quantidade. O operador encaminhou um guia com outras informações úteis e agradeceu o contato do eleitor.",00:07:10,False,True,5,0.0
2026092400439,24/09/2026,12:32:50,Silvania Barreto,Treinamento / Convocação de Mesário,Resolvido,Respeitoso e Cortês,O eleitor obteve esclarecimento sobre sua categoria de trabalho nas eleições e recebeu os contatos necessários para futuras consultas.,01:44:18,False,True,5,3618.0
2026092400441,24/09/2026,12:35:58,Silvania Barreto,Situação Eleitoral / Título Cancelado ou Regular,Resolvido,Respeitoso e Cortês,"O eleitor teve dúvidas sobre regularizações eleitorais, incluindo ausência de votação e mudança de local de votação. O operador encaminhou o eleitor para as respectivas seções de consulta e regularização, e sugeriu soluções para problemas no aplicativo.",00:42:12,False,True,16,0.0
2026092400447,24/09/2026,12:53:33,Roberto Cezar,Local de Votação / Seção Eleitoral,Resolvido,Respeitoso e Cortês,"O eleitor solicitou esclarecimento sobre a possibilidade de votar em Gado Bravo, após ter transferido seu endereço para lá. O operador solicitou o CPF da eleitora para confirmar sua aptidão a votar em Gado Bravo, e informou que ela estava apta a votar no local de votação que foi postado.",00:17:07,False,True,5,1.0
2026092400448,24/09/2026,13:01:16,Roberto Cezar,Multa / Quitação Eleitoral / Certidões,Resolvido,Respeitoso e Cortês,"O eleitor solicitou informações sobre multas no seu título eleitoral e como votar. O operador informou que ele poderia votar, mas estava em débito com a Justiça Eleitoral e encaminhou-lhe guias para pagamento e outras informações úteis. O atendimento foi encerrado após o eleitor confirmar que não tinha mais dúvidas.",00:14:55,False,True,11,0.0
2026092400450,24/09/2026,13:09:53,Silvania Barreto,Justificativa Eleitoral,Não Resolvido,Não Respondeu à Dúvida,"O eleitor solicitou informações sobre voto em trânsito, mas a operadora não respondeu à dúvida e apenas informou que o prazo havia passado.",01:20:50,False,True,2,4207.0
2026092400454,24/09/2026,13:13:33,Silvania Barreto,Multa / Quitação Eleitoral / Certidões,Resolvido,Respeitoso e Cortês,"O eleitor teve suas dúvidas sobre a possibilidade de votação de uma pessoa com multa resolvidas. O operador informou que ela pode votar, mas recomendou que ela pague a multa para evitar problemas futuros.",00:41:30,False,True,11,0.0
2026092400455,24/09/2026,13:15:05,Roberto Cezar,Multa / Quitação Eleitoral / Certidões,Não Resolvido,Respeitoso e Cortês,O eleitor solicitou esclarecimento sobre a biometria facial para o reconhecimento do benefício do BPC de sua filha menor. O operador informou que a inscrição na Justiça Eleitoral não seria possível e recomendou que o INSS fizesse a inscrição. O eleitor agradeceu e encerrou a conversa.,00:23:23,False,True,12,1.0
2026092400456,24/09/2026,13:20:26,Roberto Cezar,Outros Assuntos,Resolvido,Atento e Preciso,O operador informou ao eleitor sobre a sua situação de mesária voluntária e encaminhou para o contato direto com o Cartório Eleitoral para obter informações específicas sobre a convocação para o pleito em curso.,01:17:28,False,True,9,3610.0
2026092400458,24/09/2026,13:25:09,Roberto Cezar,Treinamento / Convocação de Mesário,Resolvido,Respeitoso e Cortês,O eleitor foi orientado a entrar em contato com a chefia de cartório para resolver a questão da ausência no treinamento presencial de mesário.,00:08:38,False,True,5,1.0
2026092400465,24/09/2026,13:32:03,Roberto Cezar,Multa / Quitação Eleitoral / Certidões,Resolvido,Respeitoso e Cortês,O eleitor conseguiu mudar sua senha de acesso ao aplicativo do título eleitoral após desinstalar e reinstalar o aplicativo. O operador encerrou o atendimento.,00:16:05,False,True,5,1.0
2026092400483,24/09/2026,14:08:37,Marcos Antônio Monteiro Júnior,Local de Votação / Seção Eleitoral,Resolvido,Respeitoso e Cortês,O eleitor obteve orientação sobre como acessar o local de votação através do aplicativo E-título e do portal do autoatendimento do TSE. O operador respondeu claramente às dúvidas do eleitor.,01:57:16,True,True,4,3607.0
2026092400485,24/09/2026,14:17:40,Marcos Antônio Monteiro Júnior,Outros Assuntos,Resolvido,Respeitoso e Cortês,"O eleitor fez uma solicitação sobre a organização de uma carreata independente sem a participação de políticos. O operador orientou-o sobre o procedimento legal, incluindo o agendamento no sistema Agenda Rua e a comunicação com a Polícia Militar e o Cartório Eleitoral. O atendimento foi respeitoso e o eleitor encerrou satisfeito.",00:29:44,False,True,5,1.0
2026092400486,24/09/2026,14:21:59,Roberto Cezar,Outros Assuntos,Resolvido,Respeitoso e Cortês,"O eleitor teve suas dúvidas clarificadas sobre o número de dias de folga como mesário, recebendo orientações legais e respeitando a legislação federal e estadual.",00:14:11,False,True,6,0.0
2026092400504,24/09/2026,14:58:58,João Fidelis,Situação Eleitoral / Título Cancelado ou Regular,Resolvido,Respeitoso e Cortês,O eleitor fez uma consulta sobre o status de seu título de eleitor e recebeu orientações sobre como contatar o cartório eleitoral para verificar a situação.,00:12:14,False,True,4,0.0
2026092400506,24/09/2026,15:00:18,João Fidelis,Justificativa Eleitoral,Resolvido,Respeitoso e Cortês,O eleitor solicitou orientações sobre como justificar ausência para votar. O operador informou que pode ser justificado em outra cidade e fornecendo o endereço do cartório eleitoral em Campina Grande.,00:12:50,False,True,7,0.0
2026092400507,24/09/2026,15:01:05,João Fidelis,Outros Assuntos,Resolvido,Respeitoso e Cortês,O eleitor solicitou ajuda para cadastrar sua chave PIX. O operador explicou que o cadastro é feito na instituição financeira e confirmou que o pagamento será feito automaticamente no CPF. O eleitor agradeceu e encerrou a conversa.,01:13:47,False,True,5,3608.0
2026092400522,24/09/2026,15:15:04,André Gomes,Justificativa Eleitoral,Resolvido,Respeitoso e Cortês,O eleitor solicitou a dispensa de sua função de mesária e solicitou orientações sobre como proceder para a substituição. O operador orientou sobre o processo de contato com o cartório eleitoral para análise do pedido.,00:15:59,False,True,11,0.0
2026092400527,24/09/2026,15:18:49,Marcos Antônio Monteiro Júnior,Justificativa Eleitoral,Resolvido,Respeitoso e Cortês,O eleitor solicitou orientações sobre como acessar o e-título e justificar a ausência de sua mãe. O operador informou sobre a certidão de quitação eleitoral e explicou que não é possível alterar o número de contato pelo aplicativo. O atendimento foi encerrado com agradecimentos.,01:23:09,False,True,7,3605.0
2026092400534,24/09/2026,15:44:32,Roberto Cezar,Justificativa Eleitoral,Resolvido,Respeitoso e Cortês,"O eleitor solicitou informações sobre como regularizar seu título de eleitor após o casamento. O operador orientou sobre a necessidade de uma certidão de casamento e documentos atualizados, além de informar sobre o horário de funcionamento do cartório eleitoral em João Pessoa.",00:32:35,False,True,16,1.0
2026092400535,24/09/2026,15:44:49,Roberto Cezar,Outros Assuntos,Resolvido,Respeitoso e Cortês,O eleitor solicitou informações sobre a declaração necessária para receber folga no trabalho após o curso de mesário. O operador forneceu a informação correta e encerrou o atendimento.,00:10:33,False,True,5,1.0
2026092400536,24/09/2026,15:46:47,André Gomes,Outros Assuntos,Resolvido,Respeitoso e Cortês,O eleitor fez uma pergunta sobre a chave Pix para o vale alimentação dos mesários. O operador explicou que não é necessário informar o CPF para o cartório e que a chave Pix será utilizada apenas com o CPF já cadastrado. O eleitor agradeceu e encerrou a conversa.,01:35:58,False,True,6,1.0
2026092400537,24/09/2026,15:50:23,Silvania Barreto,Treinamento / Convocação de Mesário,Resolvido,Respeitoso e Cortês,"O eleitor solicitou informações sobre a convocação para trabalhar como mesária voluntária. O operador orientou-o a consultar o site do TSE e encontrou a convocação, resolvendo a dúvida do eleitor.",00:14:08,False,True,10,0.0
2026092400541,24/09/2026,16:00:46,Roberto Cezar,Local de Votação / Seção Eleitoral,Resolvido,Respeitoso e Cortês,O eleitor solicitou informações sobre outros mesários da seção 200. O operador orientou-o a se dirigir à Zona Eleitoral para obter essa informação.,00:17:37,False,True,3,1.0
2026092400542,24/09/2026,16:02:23,Silvania Barreto,Local de Votação / Seção Eleitoral,Resolvido,Respeitoso e Cortês,O eleitor conseguiu encontrar o link para consultar sua carta de convocação na página do TSE e obteve orientação sobre como acessar e preencher os dados para visualizar a convocação. O operador encerrou o atendimento.,00:19:53,False,True,13,1.0
2026092400545,24/09/2026,16:09:51,Roberto Cezar,Justificativa Eleitoral,Resolvido,Respeitoso e Cortês,"O eleitor solicitou informações sobre como justificar sua ausência nas eleições. O operador informou a Zona Eleitoral e ofereceu o contato para contato, garantindo que o eleitor tenha mais informações caso necessário.",01:15:01,False,True,7,3606.0
2026092400546,24/09/2026,16:10:09,Silvania Barreto,Treinamento / Convocação de Mesário,Não Resolvido,Respeitoso e Cortês,"A consulta do eleitor sobre a convocação de mesário foi encaminhada para a parte de mesários/mesas, mas não houve esclarecimento sobre a dispensa devido a motivos pessoais. O operador sugeriu que o eleitor converse com o cartório para justificar a ausência.",01:11:47,False,True,10,3616.0
2026092400547,24/09/2026,16:12:35,Roberto Cezar,Outros Assuntos,Não Resolvido,Atendimento Ineficiente,"O eleitor solicitou informações sobre a portaria de nomeação para presidente da seção eleitoral, mas o atendimento não conseguiu atender a solicitação e encaminhou para transferência para outra zona eleitoral. O atendimento foi ineficiente e o eleitor não obteve resposta satisfatória.",00:18:48,False,True,16,1.0
2026092400550,24/09/2026,16:19:26,Silvania Barreto,Situação Eleitoral / Título Cancelado ou Regular,Resolvido,Respeitoso e Cortês,"O eleitor teve problemas para atualizar seus dados no e-título e foi orientado sobre a necessidade de aguardar até novembro para realizar a atualização, quando o cadastro será reaberto no site do TSE.",01:12:26,False,True,11,3618.0
2026092400554,24/09/2026,16:26:17,Roberto Cezar,Outros Assuntos,Resolvido,Respeitoso e Cortês,"A consulta do eleitor sobre a chave PIX para vale-refeição foi encaminhada para a 68ª Zona Eleitoral, fornecendo os dados de contato. O atendimento foi respeitoso e cortês.",01:06:27,False,True,4,3607.0
2026092400555,24/09/2026,16:27:29,Silvania Barreto,Situação Eleitoral / Título Cancelado ou Regular,Não Resolvido,Respeitoso e Cortês,"A consulta foi sobre a regularização do título de uma sobrinha. O operador informou sobre a atualização do cadastro e o processo de emissão de duas vias do título eleitoral, mas não respondeu diretamente à dúvida sobre a situação do título da sobrinha.",01:28:27,False,True,9,3636.0
2026092400556,24/09/2026,16:29:04,Silvania Barreto,Situação Eleitoral / Título Cancelado ou Regular,Resolvido,Respeitoso e Cortês,"O eleitor fez uma consulta sobre o cadastro biométrico e foi informado que estava fechado, mas ainda era possível votar. Ele foi orientado a ir ao cartório para realizar a biometria, que é feita pela justiça eleitoral.",01:27:43,False,True,6,3622.0
2026092400557,24/09/2026,16:30:59,Roberto Cezar,Situação Eleitoral / Título Cancelado ou Regular,Resolvido,Respeitoso e Cortês,"O eleitor solicitou esclarecimento sobre o cancelamento do título de sua mãe. O operador informou que, devido à suspensão do título de votação, a regularização só será possível após o término das eleições, quando a mãe poderá comparecer ao cartório eleitoral.",00:10:26,False,True,7,1.0
2026092400562,24/09/2026,16:52:53,João Fidelis,Justificativa Eleitoral,Resolvido,Respeitoso e Cortês,O eleitor solicitou informações sobre a obrigatoriedade do voto para uma pessoa com 70 anos. O operador informou que o voto é facultativo para essa faixa etária e encerrou o atendimento.,01:12:49,False,True,5,3605.0
2026092400564,24/09/2026,16:58:54,André Gomes,Outros Assuntos,Resolvido,Respeitoso e Cortês,O eleitor solicitou informações sobre a resposta a um e-mail enviado para a 2ª Zona Eleitoral. O operador orientou a ligar diretamente para essa zona e fornecendo o número de telefone. O eleitor confirmou a informação e encerrou a conversa.,01:08:50,False,True,2,3635.0
2026092400568,24/09/2026,17:13:19,André Gomes,Situação Eleitoral / Título Cancelado ou Regular,Não Resolvido,Atento e Preocupado,"O eleitor teve dificuldades para entrar no seu título e não conseguiu resolver o problema. O operador sugeriu tentar novamente e informou sobre a possibilidade de revisão do título no próximo pleito. O eleitor encerrou a conversa satisfeito, mas sem que o problema fosse resolvido.",00:47:04,False,True,15,1.0
2026092400569,24/09/2026,17:15:13,Silvania Barreto,Local de Votação / Seção Eleitoral,Resolvido,Respeitoso e Cortês,"A consulta do eleitor sobre a mudança de seção eleitoral foi atendida e orientada sobre a possibilidade de atualização dos dados pelo site do TSE. O operador confirmou o local de votação e seção eleitoral, além de encerrar o atendimento.",01:24:03,False,True,17,3607.0
2026092400573,24/09/2026,17:38:35,Silvania Barreto,Local de Votação / Seção Eleitoral,Não Resolvido,Desconectado,"O eleitor fez uma pergunta sobre a presença de um curador junto com um idoso ou idosa durante o voto, mas a operadora não respondeu adequadamente e sugeriu que o eleitor se comunica com o cartório eleitoral. O atendimento não foi satisfatório.",00:20:36,False,True,4,1.0
2026092400579,24/09/2026,18:12:50,Marcos Antônio Monteiro Júnior,Treinamento / Convocação de Mesário,Não Resolvido,Respeitoso e Cortês,"O eleitor fez várias perguntas sobre o cadastro de CPF para receber a convocação de mesário, mas Marcos Antônio Monteiro Júnior não conseguiu esclarecer todas as dúvidas. O atendimento foi finalizado sem resolver todas as questões do eleitor.",01:13:31,False,True,9,3605.0
2026092400580,24/09/2026,18:13:53,André Gomes,Treinamento / Convocação de Mesário,Não Resolvido,Respeitoso e Cortês,O eleitor solicitou a convocação para ser mesária e o operador orientou-o a acessar o endereço para consultar a convocação. O operador não respondeu a dúvidas específicas sobre o treinamento presencial.,17:22:00,False,True,6,7380.0
2026092400587,24/09/2026,18:30:15,Marcos Antônio Monteiro Júnior,Outros Assuntos,Não Resolvido,Não Resolvido,"O atendimento foi encerrado sem que o eleitor manifestasse dúvidas específicas, e eleitor não encerrou insatisfeito.",14:31:17,False,True,2,0.0
2026092400588,24/09/2026,18:30:30,André Gomes,Situação Eleitoral / Título Cancelado ou Regular,Não Resolvido,Atento e Preocupado,"O eleitor informou que não conseguia gerar a segunda via do seu título de eleitor devido a divergência nos dados. O operador solicitou informações completas e informou que o erro estava no cadastro, orientando sobre a forma correta de preenchimento. O operador garantiu que com os dados corretos, o problema seria resolvido, mas não conseguiu atender a solicitação de enviar o documento em PDF devido à necessidade de aguardar 1h para tentar novamente.",01:16:56,False,True,10,3667.0
2026092400589,24/09/2026,18:31:34,Marcos Antônio Monteiro Júnior,Outros Assuntos,Não Resolvido,Não Resolvido,O atendimento foi interrompido após a eleitor não manifestar dúvidas ou solicitar informações específicas.,14:09:16,False,True,2,0.0
2026092400597,24/09/2026,18:54:41,Marcos Antônio Monteiro Júnior,Outros Assuntos,Não Resolvido,Não Resolvido,O atendimento foi encerrado sem solução de nenhum problema apresentado pelo eleitor. O eleitor não manifestou dúvidas específicas e o atendimento foi considerado insatisfatório.,13:31:28,False,True,2,0.0
2026092400601,24/09/2026,19:31:40,Marcos Antônio Monteiro Júnior,Outros Assuntos,Não Resolvido,Não Respeitoso,O atendimento foi cortante e o eleitor não obteve resposta para sua dúvida.,13:53:00,False,True,2,3603.0
2026092400603,24/09/2026,19:44:55,Marcos Antônio Monteiro Júnior,Situação Eleitoral / Título Cancelado ou Regular,Não Resolvido,Atendimento Incompleto,"O eleitor solicitou informações sobre o cadastro de título de eleitor, mas não foi possível fornecer as informações solicitadas devido à ausência de manifestação do eleitor.",13:38:46,False,True,4,3605.0
2026092400605,24/09/2026,19:48:57,Marcos Antônio Monteiro Júnior,Local de Votação / Seção Eleitoral,Resolvido,Respeitoso e Cortês,O eleitor fez uma consulta sobre se estava convocado para ser mesário nas Eleições Gerais de 2026 e foi informado que não estava convocado. O atendimento foi respeitoso e o eleitor agradeceu.,12:50:52,False,True,5,1.0
2026092400608,24/09/2026,19:59:10,Marcos Antônio Monteiro Júnior,Justificativa Eleitoral,Resolvido,Atendimento Completo,"O eleitor foi orientado sobre como justificar o voto em caso de impossibilidade de votar no local, sendo possível fazer isso no dia da eleição, das 08:00h às 17:00h, em qualquer seção eleitoral ou pelo aplicativo E-Título.",13:39:25,True,True,5,3606.0
2026092400613,24/09/2026,20:11:50,Marcos Antônio Monteiro Júnior,Outros Assuntos,Não Resolvido,Não Respeitoso,"O atendimento foi interrompido devido à ausência de resposta do eleitor, sem que fosse possível esclarecer sua dúvida.",13:27:01,False,True,2,3604.0
2026092400619,24/09/2026,20:35:46,Marcos Antônio Monteiro Júnior,Outros Assuntos,Não Resolvido,Não Respondeu,"O eleitor informou que conseguiu a carta de convocação e encerrou a conversa, sem que o operador tivesse respondido a qualquer dúvida específica.",12:53:43,False,True,1,3605.0
2026092400623,24/09/2026,21:05:30,João Fidelis,Situação Eleitoral / Título Cancelado ou Regular,Não Resolvido,Respeitoso e Cortês,"O eleitor teve sua dúvida sobre o motivo do cancelamento do seu título de eleitor esclarecida, mas não obteve solução para encaminhar a informação para a Zona Eleitoral, o que levou a um encerramento insatisfeito.",12:50:00,False,True,9,0.0
2026092400624,24/09/2026,21:09:12,João Fidelis,Local de Votação / Seção Eleitoral,Não Resolvido,Respeitoso e Cortês,"O atendimento foi encerrado por falta de interação, sem a resolução da dúvida sobre a seção eleitoral do 2º mesário.",12:33:13,False,True,1,3605.0
2026092400639,24/09/2026,22:33:33,João Fidelis,Local de Votação / Seção Eleitoral,Resolvido,Respeitoso e Cortês,O eleitor solicitou informações sobre as seções de várias pessoas e o operador realizou as consultas e fornecendo os locais e seções de cada um. O atendimento foi eficaz e respeitoso.,10:31:33,False,True,11,1.0
2026092400643,24/09/2026,23:51:16,João Fidelis,Situação Eleitoral / Título Cancelado ou Regular,Não Resolvido,Não Respeitoso,"O atendimento foi encerrado sem fornecer solução para o problema do eleitor, que não conseguiu validar seus dados no e-Título.",10:18:59,False,True,1,3601.0
2026092500005,25/09/2026,06:48:56,João Fidelis,Outros Assuntos,Não Resolvido,Respeitoso e Cortês,"O atendimento foi encerrado por falta de interação, sem que o operador pudesse esclarecer as dúvidas do eleitor.",02:53:46,False,True,1,3605.0
2026092500076,25/09/2026,07:24:30,João Fidelis,Justificativa Eleitoral,Não Resolvido,Não Respeitoso,O eleitor informou que foi impedida de exercer suas obrigações eleitorais e solicitou assistência para entrar com uma justificativa judicial. O operador não respondeu a essa solicitação.,01:49:39,False,True,1,1.0
2026092500079,25/09/2026,07:32:21,João Fidelis,Outros Assuntos,Resolvido,Respeitoso e Cortês,O eleitor solicitou informações sobre a chave PIX e o auxílio financeiro. O operador explicou como cadastrar o CPF como chave PIX e informou sobre a automação do auxílio. O eleitor agradeceu e encerrou a conversa.,02:27:48,False,True,7,3607.0
2026092500085,25/09/2026,07:49:10,Roberto Cezar,Situação Eleitoral / Título Cancelado ou Regular,Resolvido,Respeitoso e Cortês,O eleitor teve dificuldades para acessar seu título eleitoral e foi orientado a refazer a operação digitando exatamente como consta no cadastro. O operador encaminhou um guia do eleitor com outras informações úteis. O problema foi resolvido e o eleitor agradeceu.,00:59:01,False,True,11,1.0
2026092500086,25/09/2026,07:51:08,Roberto Cezar,Treinamento / Convocação de Mesário,Resolvido,Respeitoso e Cortês,O eleitor teve dúvidas sobre o acesso ao curso de mesário e foi orientado a tentar novamente em horários menos frequentes. O operador também enviou um guia do eleitor com outras informações úteis.,01:01:55,False,True,5,0.0
2026092500090,25/09/2026,07:57:18,João Fidelis,Outros Assuntos,Resolvido,Respeitoso e Cortês,O eleitor teve suas dúvidas sobre a convocação para ser mesário resolvidas. O operador informou o cartório eleitoral e encerrou o atendimento.,01:47:17,False,True,6,3613.0
2026092500093,25/09/2026,08:03:02,João Fidelis,Local de Votação / Seção Eleitoral,Não Resolvido,Respeitoso e Cortês,O eleitor teve dificuldades em entrar em contato com o TRE da sua zona e não recebeu orientação sobre o material de trabalho para o dia da eleição ou as cores permitidas para a roupa de trabalho.,02:04:49,False,True,7,3605.0
2026092500096,25/09/2026,08:14:40,João Fidelis,Local de Votação / Seção Eleitoral,Não Resolvido,Respeitoso e Cortês,"O eleitor solicitou informações sobre o local de votação e a escola de referência, mas não solicitou transferência. O operador informou o local da escola e encerrou a conversa.",01:20:09,True,True,5,0.0
2026092500097,25/09/2026,08:14:53,João Fidelis,Local de Votação / Seção Eleitoral,Não Resolvido,Respeitoso e Cortês,"O eleitor fez uma consulta sobre a preferência de votação para o pessoal da saúde, mas não obteve resposta sobre a questão. O atendimento foi encerrado sem resolver a dúvida do eleitor.",03:35:52,False,True,3,3605.0
2026092500100,25/09/2026,08:18:14,Roberto Cezar,Local de Votação / Seção Eleitoral,Resolvido,Respeitoso e Cortês,O eleitor fez uma consulta sobre a possibilidade de votar em uma escola diferente devido a um prazo de transferência temporária que havia expirado. O operador confirmou que era possível e informou que seu nome seria registrado na escola de votação. O atendimento foi encerrado com a entrega de um guia do eleitor.,01:23:42,False,True,5,3605.0
2026092500102,25/09/2026,08:19:22,João Fidelis,Local de Votação / Seção Eleitoral,Resolvido,Respeitoso e Cortês,"O eleitor teve suas dúvidas sobre o local de votação esclarecidas. O sistema não indicava mudança, e a chefe do cartório confirmou que a notícia sobre mudança era falsa. O atendimento foi eficaz e o eleitor agradeceu.",00:49:57,False,True,5,1.0
2026092500106,25/09/2026,08:22:03,João Fidelis,Local de Votação / Seção Eleitoral,Não Resolvido,Respeitoso e Cortês,O eleitor solicitou dispensa de ser mesário devido à distância do local de votação. O operador forneceu os dados do cartório eleitoral e encerrou o atendimento.,01:42:59,False,True,4,3606.0
2026092500108,25/09/2026,08:25:15,Roberto Cezar,Justificativa Eleitoral,Não Resolvido,Desconectado,O atendimento foi encerrado sem fornecer uma solução para a dúvida do eleitor sobre como justificar ausência na votação.,01:19:16,False,True,2,3606.0
2026092500118,25/09/2026,08:41:03,João Fidelis,Treinamento / Convocação de Mesário,Não Resolvido,Respeitoso e Cortês,"O eleitor solicitou informações sobre a convocação para trabalhar como mesário, mas o operador informou que não constava convocação no sistema e sugeriu que o eleitor entre em contato com o cartório eleitoral para verificar. O operador não respondeu diretamente à dúvida do eleitor sobre a convocação.",00:18:15,False,True,6,0.0
2026092500119,25/09/2026,08:41:41,João Fidelis,Outros Assuntos,Resolvido,Respeitoso e Cortês,O eleitor solicitou orientações sobre como imprimir seu título de eleitor. O operador forneceu a informação correta e encerrou a conversa de forma respeitosa.,01:13:17,False,True,5,3608.0
2026092500130,25/09/2026,08:58:53,João Fidelis,Situação Eleitoral / Título Cancelado ou Regular,Não Resolvido,Respeitoso e Cortês,O eleitor perguntou sobre o título suspenso e foi informado que não é possível resolver no momento. O atendimento foi respeitoso e cortês.,00:03:07,False,True,3,0.0
2026092500131,25/09/2026,09:01:54,Marcos Antônio Monteiro Júnior,Local de Votação / Seção Eleitoral,Resolvido,Respeitoso e Cortês,"O eleitor solicitou informações sobre votar em outra seção do que ele estava inscrito. O operador informou sobre o período do voto em trânsito e como justificar a ausência, orientando a usar o aplicativo E-título ou comparecer em qualquer seção eleitoral, exceto em João Pessoa. O atendimento foi respeitoso e o eleitor foi encaminhado adequadamente.",00:12:16,False,True,4,1.0
2026092500134,25/09/2026,09:06:34,João Fidelis,Situação Eleitoral / Título Cancelado ou Regular,Resolvido,Respeitoso e Cortês,O eleitor conseguiu resolver o problema de ter os dados divergentes no sistema de título de eleitor e obteve sucesso ao fornecer os dados corretos (nome do pai como LUIZ GONZAGA FILHO).,00:26:25,False,True,5,0.0
2026092500163,25/09/2026,09:24:55,Silvania Barreto,Multa / Quitação Eleitoral / Certidões,Resolvido,Respeitoso e Cortês,"O eleitor conseguiu resolver suas pendências de multas e regularizou seu cadastro de CPF para o e-título. O operador explicou os passos para corrigir o nome do pai e informou sobre a possibilidade de pagamento da multa em novembro ou na data atual, utilizando o PIX.",00:44:03,True,True,29,1.0
2026092500165,25/09/2026,09:28:11,Márcia Gomes,Situação Eleitoral / Título Cancelado ou Regular,Resolvido,Respeitoso e Cortês,"O eleitor teve seu título cancelado devido à ausência nas urnas nos últimos três pleitos sem justificativa. O operador informou que, após a reabertura do cadastro, o título do eleitor poderá ser regularizado.",01:31:23,False,True,8,0.0
2026092500172,25/09/2026,09:43:04,João Fidelis,Local de Votação / Seção Eleitoral,Não Resolvido,Desconectado,"O eleitor solicitou informações sobre as seções de uma cidade específica, mas não conseguiu obter as informações desejadas. O atendimento foi encerrado sem solução do problema.",00:35:26,False,True,5,1.0
2026092500174,25/09/2026,09:44:31,João Fidelis,Local de Votação / Seção Eleitoral,Resolvido,Respeitoso e Cortês,O eleitor solicitou a lista de locais de votação para o município de Gurj 22 e foi encaminhado para consulta no portal do TRE-PB.,01:04:55,False,True,3,3607.0
2026092500176,25/09/2026,09:46:20,André Gomes,Situação Eleitoral / Título Cancelado ou Regular,Resolvido,Respeitoso e Cortês,"O eleitor solicitou informações sobre a possibilidade de tirar o título eleitoral para uma vaga de emprego. O operador informou que o cadastro estava fechado e sugeriu que a filha comparecesse ao cartório eleitoral para solicitar uma certidão de que não tem pendências, permitindo que ela tente novamente em novembro.",00:36:42,False,True,3,0.0
2026092500180,25/09/2026,09:53:52,João Fidelis,Local de Votação / Seção Eleitoral,Resolvido,Respeitoso e Cortês,"O eleitor solicitou informações sobre a mudança de local de votação e foi informado que a mudança é permanente. O operador confirmou o local e seção eleitorais, além de orientar o eleitor sobre a possibilidade de alterar a zona após a eleição.",00:13:33,False,True,4,1.0
2026092500182,25/09/2026,09:54:36,João Fidelis,Outros Assuntos,Não Resolvido,Atendimento Incompleto,"O eleitor solicitou informações sobre o título de eleitor, mas o operador apenas encaminhou para um link e não respondeu a sua pergunta.",01:15:07,False,True,2,3638.0
2026092500187,25/09/2026,09:59:58,João Fidelis,Situação Eleitoral / Título Cancelado ou Regular,Não Resolvido,Respeitoso e Cortês,"O eleitor solicitou informações sobre o nome da mãe e os telefones cadastrados. O operador confirmou os dados e forneceu os telefones, mas não respondeu a dúvida sobre o nome da mãe.",00:38:52,False,True,7,1.0
2026092500190,25/09/2026,10:02:01,João Fidelis,Outros Assuntos,Não Resolvido,Respeitoso e Cortês,"O eleitor solicitou orientações sobre protocolar um ofício de comunicação/liberação de evento político. O operador informou sobre o sistema 'AgendaRua' e encaminhou a ele para mais informações, mas não respondeu diretamente às dúvidas específicas do eleitor.",01:21:51,False,True,7,3748.0
2026092500193,25/09/2026,10:11:20,André Gomes,Situação Eleitoral / Título Cancelado ou Regular,Não Resolvido,Não Resolvido,"O atendimento não respondeu adequadamente à solicitação do eleitor sobre a regularização do título de uma amiga sua. O operador apenas informou que ela deveria ir ao fórum para tirar a biometria, sem fornecer mais detalhes ou encaminhar o caso para a solução adequada.",00:10:19,False,True,3,1.0
2026092500198,25/09/2026,10:13:02,João Fidelis,Local de Votação / Seção Eleitoral,Resolvido,Respeitoso e Cortês,"O eleitor solicitou informações sobre votação para pessoas com deficiência visuais. O operador explicou os recursos disponíveis e encerrou o atendimento, garantindo que o eleitor possa solicitar auxílio em caso de necessidade.",01:22:15,False,True,5,3606.0
2026092500202,25/09/2026,10:20:02,João Fidelis,Outros Assuntos,Resolvido,Respeitoso e Cortês,"O diálogo foi uma conversa de boas-vindas e agradecimento, sem abordar nenhum assunto específico. O atendimento foi de qualidade.",00:08:42,False,True,2,1.0
2026092500206,25/09/2026,10:21:22,André Gomes,Multa / Quitação Eleitoral / Certidões,Resolvido,Respeitoso e Cortês,"O eleitor teve suas dúvidas sobre a justificativa e pagamento de multa resolvidas. Ele foi orientado a justificar o débito de R$ 3,51 e a efetivar o pagamento pelo PIX.",01:59:24,False,True,7,5511.0
2026092500216,25/09/2026,10:28:23,João Fidelis,Outros Assuntos,Resolvido,Respeitoso e Cortês,O eleitor solicitou a convocação em PDF e o operador encaminhou o link para o acesso à documentação. O atendimento foi encerrado com uma mensagem de retorno para futuras consultas.,01:18:48,False,True,5,3604.0
2026092500217,25/09/2026,10:29:32,João Fidelis,Justificativa Eleitoral,Resolvido,Respeitoso e Cortês,"O eleitor fez uma consulta sobre a obrigatoriedade de um tio votar devido a problemas de visão. O operador explicou que ele pode votar acompanhado de uma pessoa de confiança, o que atendeu a dúvida do eleitor.",00:06:28,False,True,2,0.0
2026092500220,25/09/2026,10:33:42,João Fidelis,Treinamento / Convocação de Mesário,Resolvido,Respeitoso e Cortês,O eleitor solicitou uma segunda via de certidão referente ao treinamento presencial de mesário. O operador informou que a certidão pode ser emitida após a eleição e orientou sobre o auxílio de folga para mesários conforme a Lei nº 9.504/1997. O eleitor agradeceu e encerrou a conversa.,01:17:20,True,True,3,3617.0
2026092500222,25/09/2026,10:38:52,André Gomes,Treinamento / Convocação de Mesário,Resolvido,Respeitoso e Cortês,O eleitor foi informado sobre a dispensa de convocação para o treinamento de mesário voluntário e foi encaminhado para consultar no site do TSE para confirmar a informação.,01:57:54,False,True,4,3606.0
2026092500233,25/09/2026,10:45:04,João Fidelis,Treinamento / Convocação de Mesário,Resolvido,Respeitoso e Cortês,O eleitor teve dúvidas sobre a emissão de certidão após o treinamento de mesário presencial e foi orientado sobre a validade da certidão e os direitos de folga. O atendimento foi respeitoso e o eleitor não solicitou mais assistência.,00:05:49,False,True,3,1.0
2026092500234,25/09/2026,10:45:43,João Fidelis,Local de Votação / Seção Eleitoral,Resolvido,Respeitoso e Cortês,O eleitor solicitou informações sobre a seção eleitoral e foi orientado a consultar a carta de convocação no site do TSE. O atendimento foi encerrado após a informação fornecida.,00:25:16,False,True,3,1.0
2026092500240,25/09/2026,10:55:29,Roberto Cezar,Treinamento / Convocação de Mesário,Resolvido,Respeitoso e Cortês,O eleitor solicitou informações sobre o convite para trabalhar como mesário e foi orientado a repassar essa informação à Zona Eleitoral que o convocou. O operador também enviou um GUIA DO ELEITOR com outras informações importantes.,00:17:05,False,True,5,1.0
2026092500241,25/09/2026,11:00:56,Roberto Cezar,Justificativa Eleitoral,Resolvido,Respeitoso e Cortês,"A eleitor tirou dúvidas sobre o direito às folgas durante as eleições e foi orientada sobre como gerar as folgas no novo contrato de trabalho, recebendo uma certidão do cartório eleitoral.",00:19:53,False,True,10,1.0
2026092500246,25/09/2026,11:11:28,Vanessa,Situação Eleitoral / Título Cancelado ou Regular,Resolvido,Respeitoso e Cortês,O eleitor teve sua dúvida sobre a biometria do benefício BPC-Loss resolvida. Foi confirmado que a biometria estava ok e foi fornecida uma certidão comprovando isso.,04:57:37,False,True,5,16960.0
2026092500250,25/09/2026,11:20:13,Roberto Cezar,Justificativa Eleitoral,Resolvido,Atento e Informativo,"O eleitor teve sua dúvida sobre como justificar ausência em uma seção eleitoral sem o aplicativo e-titulo esclarecida. O operador informou que, com o título eleitoral e um documento oficial com foto, o eleitor pode justificar em qualquer seção eleitoral.",01:11:08,False,True,6,3608.0
2026092500259,25/09/2026,11:33:28,Marcos Antônio Monteiro Júnior,Multa / Quitação Eleitoral / Certidões,Não Resolvido,Desconectado,"O eleitor não conseguiu se cadastrar no e-Título e encerrou a conversa, sem que o operador pudesse resolver o problema.",02:41:17,False,True,12,3608.0
2026092500262,25/09/2026,11:38:25,Cláudia,Multa / Quitação Eleitoral / Certidões,Resolvido,Respeitoso e Cortês,"O eleitor teve suas dúvidas sobre o pagamento de pix resolvidas pelo operador, que confirmou que o valor estava sendo creditado corretamente na conta bancária da justiça eleitoral. O atendimento foi respeitoso e o eleitor agradeceu.",00:14:39,False,True,10,0.0
2026092500263,25/09/2026,11:40:18,Cláudia,Justificativa Eleitoral,Não Resolvido,Respeitoso e Cortês,"O eleitor fez uma consulta sobre a convocação para as eleições e não recebeu convocação. O operador esclareceu sobre o valor do vale e a chave pix, mas não respondeu diretamente à dúvida sobre a convocação do eleitor.",01:38:40,False,True,10,3601.0
2026092500268,25/09/2026,11:44:29,Silvania Barreto,Situação Eleitoral / Título Cancelado ou Regular,Resolvido,Respeitoso e Cortês,"O eleitor confirmou o nome de sua mãe no título de eleitor e constatou que o nome estava correto, sem acentos. O operador esclareceu a situação e encerrou o atendimento.",01:08:50,False,True,7,3802.0
2026092500270,25/09/2026,11:46:59,Silvania Barreto,Local de Votação / Seção Eleitoral,Resolvido,Respeitoso e Cortês,"O eleitor obteve esclarecimento sobre a seção eleitoral onde trabalhará durante as eleições, recebendo orientações sobre como consultar a informação e como entrar em contato com o cartório caso necessário.",00:10:10,False,True,8,0.0
2026092500271,25/09/2026,11:47:39,André Gomes,Local de Votação / Seção Eleitoral,Resolvido,Respeitoso e Cortês,O eleitor solicitou informações sobre a seção eleitoral que trabalhará. O operador enviou a carta de convocação para consulta.,24:02:29,False,True,2,80019.0
2026092500272,25/09/2026,11:47:41,Márcia Gomes,Multa / Quitação Eleitoral / Certidões,Resolvido,Respeitoso e Cortês,"O eleitor teve seu acesso ao INFODIP renovado por e-mail, após receber um alerta de expiração. O operador orientou-o sobre como encaminhar os documentos necessários para a renovação.",00:35:43,False,True,11,0.0
2026092500273,25/09/2026,11:47:56,Márcia Gomes,Outros Assuntos,Resolvido,Respeitoso e Cortês,"A consulta foi resolvida sobre o recebimento de valor para a refeição, explicando que o pagamento seria feito através da chave PIX com o número de CPF do eleitor.",03:06:40,False,True,4,3606.0
2026092500288,25/09/2026,11:59:33,Cláudia,Multa / Quitação Eleitoral / Certidões,Resolvido,Respeitoso e Cortês,O eleitor solicitou informações sobre como regularizar uma multa por não ter cotado nas eleições anteriores. O operador orientou-o a acessar o site do TSE para regularizar o débito eleitoral por meio de pagamento por Pix.,00:11:08,False,True,6,0.0
2026092500290,25/09/2026,11:59:38,Márcia Gomes,Local de Votação / Seção Eleitoral,Não Resolvido,Respeitoso e Cortês,"A consulta do eleitor sobre os critérios para acompanhar um idoso na urna não foi respondida adequadamente, e o atendimento foi encerrado sem conclusão da dúvida.",02:19:25,False,True,6,1.0
2026092500292,25/09/2026,11:59:45,Cláudia,Situação Eleitoral / Título Cancelado ou Regular,Não Resolvido,Respeitoso e Cortês,O eleitor informou que o prazo para o título foi até maio e agora não é mais possível fazer o título. O operador informou que o sistema reabre em novembro de 03/11. O eleitor não solicitou mais assistência e o atendimento foi encerrado.,00:13:25,True,True,5,0.0
2026092500294,25/09/2026,11:59:55,Roberto Cezar,Situação Eleitoral / Título Cancelado ou Regular,Não Resolvido,Atendimento Incompleto,"O eleitor solicitou a transferência de seu título de eleitor para uma nova seção, mas o operador informou que a transferência só será possível após as eleições. O operador não respondeu a mais dúvidas do eleitor.",00:18:04,True,True,3,1.0
2026092500295,25/09/2026,11:59:57,João Fidelis,Justificativa Eleitoral,Resolvido,Respeitoso e Cortês,"O eleitor teve suas dúvidas sobre a situação do seu título de eleitor esclarecidas. Ele foi orientado sobre a necessidade de pagar a multa ou solicitar isenção, bem como sobre como justificar a ausência nas eleições deste ano.",01:49:43,False,True,9,3609.0
2026092500296,25/09/2026,12:00:02,Márcia Gomes,Situação Eleitoral / Título Cancelado ou Regular,Resolvido,Respeitoso e Cortês,"O eleitor teve sua dúvida sobre a possibilidade de votar em uma seção específica respondida, sendo informado que não seria mais possível devido ao encerramento do prazo para solicitar transferência temporária do título.",00:16:22,False,True,4,0.0
2026092500297,25/09/2026,12:00:02,João Fidelis,Local de Votação / Seção Eleitoral,Resolvido,Respeitoso e Cortês,O eleitor confirmou seu nome no caderno de votação e recebeu informações sobre o uso do e-título. O atendimento foi encerrado com uma sugestão de retorno caso necessário.,01:53:34,True,True,4,3605.0
2026092500298,25/09/2026,12:00:02,João Fidelis,Situação Eleitoral / Título Cancelado ou Regular,Não Resolvido,Respeitoso e Cortês,O eleitor fez uma consulta sobre a regularização de seu título eleitoral e foi informado que só será possível após o segundo turno. O atendimento foi encerrado sem resolver a questão do eleitor.,01:45:52,False,True,2,3603.0
2026092500300,25/09/2026,12:00:11,João Fidelis,Situação Eleitoral / Título Cancelado ou Regular,Resolvido,Respeitoso e Cortês,O eleitor solicitou informações sobre como trocar o nome no título de eleitor após uma alteração de nome. O operador informou que o nome pode ser alterado após a eleição e orientou sobre os documentos necessários (certidão de casamento com averbação ou sentença de divórcio). O eleitor confirmou que já possui os documentos necessários e a conversa foi encerrada.,00:50:06,False,True,7,0.0
2026092500306,25/09/2026,12:00:35,João Fidelis,Justificativa Eleitoral,Não Resolvido,Respeitoso e Cortês,O eleitor solicitou informações sobre a validade de um comprovante de voto para aposentadoria. O operador informou sobre a função da justificativa eleitoral e encerrou o atendimento.,01:45:09,False,True,2,3604.0
2026092500309,25/09/2026,12:00:51,João Fidelis,Situação Eleitoral / Título Cancelado ou Regular,Resolvido,Respeitoso e Cortês,"O eleitor solicitou esclarecimento sobre a aptidão de votar de um parente que não votou nas últimas duas eleições devido a problemas de saúde. O título do parente estava regular, e o operador confirmou que ele podia votar normalmente.",00:42:48,False,True,4,0.0
2026092500312,25/09/2026,12:01:18,João Fidelis,Local de Votação / Seção Eleitoral,Não Resolvido,Não Respeitoso,"O eleitor solicitou alterar o local de votação, mas o operador informou que isso só pode ser feito após o segundo turno e não deu mais orientações. O atendimento foi considerado não respeitoso devido à falta de informações claras e a falta de resolução do problema.",01:38:08,False,True,2,3672.0
2026092500313,25/09/2026,12:01:19,João Fidelis,Situação Eleitoral / Título Cancelado ou Regular,Não Resolvido,Respeitoso e Cortês,"O eleitor relatou problemas com o aplicativo do título eleitoral, como falhas e perda de fotos biométricas. O operador informou sobre a emissão de 2ª via do título pelo site do TRE-PB e encerrou o atendimento.",01:01:18,False,True,2,1.0
2026092500315,25/09/2026,12:01:26,João Fidelis,Situação Eleitoral / Título Cancelado ou Regular,Não Resolvido,Atento e Preocupado,"O eleitor teve dificuldades para atualizar informações no E-Título e não conseguiu resolver o problema. O operador informou que alterações no título só poderiam ser feitas após o segundo turno, se houver. O eleitor agradeceu e encerrou a conversa.",01:41:19,False,True,5,3750.0
2026092500322,25/09/2026,12:02:34,Roberto Cezar,Situação Eleitoral / Título Cancelado ou Regular,Resolvido,Respeitoso e Cortês,"O eleitor teve suas dúvidas sobre a regularização de seu título cancelado para votar esclarecidas pelo operador, que informou que a regularização só seria possível após as eleições. O atendimento foi encerrado após a regular explicação.",00:07:04,False,True,3,0.0
2026092500326,25/09/2026,12:02:46,João Fidelis,Multa / Quitação Eleitoral / Certidões,Não Resolvido,Desconectado,"O atendimento foi interrompido após a eleitor informar que precisava de ajuda com a multa, sem que a questão fosse resolvida ou encaminhada para uma solução.",02:33:08,False,True,3,3601.0
2026092500330,25/09/2026,12:03:18,Roberto Cezar,Local de Votação / Seção Eleitoral,Resolvido,Respeitoso e Cortês,"O eleitor fez uma pergunta sobre a possibilidade de votar em uma seção diferente da sua localização atual. O operador esclareceu que o voto em trânsito é possível para a escolha de presidente da república, mas requer um cadastramento anterior que já havia expirado.",01:10:40,False,True,2,3677.0
2026092500337,25/09/2026,12:04:01,João Fidelis,Situação Eleitoral / Título Cancelado ou Regular,Resolvido,Respeitoso e Cortês,O eleitor teve sua dúvida sobre a regularização do título resolvida. O operador orientou sobre a necessidade de ir pessoalmente ao cartório para solicitar a restabelecimento dos direitos políticos.,01:27:18,False,True,4,1.0
2026092500339,25/09/2026,12:04:23,João Fidelis,Justificativa Eleitoral,Não Resolvido,Respeitoso e Cortês,O eleitor fez uma justificativa para ausência e estava interessado em saber se ela servia como prova de vida para o INSS. O operador informou que devem ser buscadas informações no próprio órgão do INSS e que a justificativa deve ser apresentada ao cartório eleitoral para avaliação do Juiz Eleitoral.,01:39:47,False,True,5,3604.0
2026092500344,25/09/2026,12:05:44,Marcos Antônio Monteiro Júnior,Outros Assuntos,Resolvido,Respeitoso e Cortês,O eleitor fez uma consulta sobre o pagamento via PIX durante a eleição e recebeu orientações claras. O atendimento foi respeitoso e cortês.,00:13:21,False,True,4,0.0
2026092500345,25/09/2026,12:06:10,João Fidelis,Situação Eleitoral / Título Cancelado ou Regular,Não Resolvido,Respeitoso e Cortês,"O eleitor solicitou orientação sobre como regularizar seu título eleitoral, mas o operador apenas informou que deve comparecer ao cartório eleitoral após o segundo turno e não deu mais detalhes. O atendimento foi encerrado sem resolver a dúvida do eleitor.",01:37:50,False,True,3,3605.0
2026092500347,25/09/2026,12:06:37,Cláudia,Justificativa Eleitoral,Resolvido,Respeitoso e Cortês,O eleitor teve suas dúvidas sobre a suspensão do título eleitoral esclarecidas e foi informado sobre o processo de regularização. O operador confirmou que ele não precisava justificar a ausência de voto.,01:16:05,True,True,13,0.0
2026092500359,25/09/2026,12:15:34,Cláudia,Local de Votação / Seção Eleitoral,Não Resolvido,Respeitoso e Cortês,"O eleitor solicitou informações sobre votar com título do Rio em seção da Paraíba. O operador informou que o prazo para transferência temporária já havia expirado e sugeriu que o eleitor justificasse a ausência no dia da eleição, caso não estivesse no Rio de Janeiro.",02:31:31,False,True,4,4885.0
2026092500363,25/09/2026,12:23:19,Cláudia,Situação Eleitoral / Título Cancelado ou Regular,Resolvido,Respeitoso e Cortês,O eleitor teve seu título cancelado e foi orientado sobre como regularizá-lo pessoalmente no cartório ou pelo site do TSE.,01:30:10,False,True,7,3607.0
2026092500366,25/09/2026,12:26:29,Cláudia,Situação Eleitoral / Título Cancelado ou Regular,Resolvido,Respeitoso e Cortês,O eleitor conseguiu acessar seu e-título após corrigir o nome do seu pai. O operador orientou sobre a validade do e-título para votação e sugeriu revisar os dados após a eleição.,00:36:27,False,True,14,0.0
2026092500367,25/09/2026,12:28:25,Cláudia,Local de Votação / Seção Eleitoral,Resolvido,Respeitoso e Cortês,"O eleitor solicitou emitir sua declaração de trabalho para a eleição e foi orientado sobre a forma de fazer isso, recebendo um arquivo para a referida declaração.",00:58:50,False,True,9,1.0
2026092500373,25/09/2026,12:39:29,João Fidelis,Outros Assuntos,Resolvido,Respeitoso e Cortês,"O eleitor fez uma pergunta sobre folgas dos trabalhos na justiça eleitoral, que foram esclarecidas pelo operador. O atendimento foi encerrado com a promessa de retorno caso necessário.",01:50:55,True,True,3,3603.0
2026092500374,25/09/2026,12:40:43,João Fidelis,Local de Votação / Seção Eleitoral,Resolvido,Atento e Clarificando,O eleitor teve suas dúvidas esclarecidas sobre a possibilidade de alteração de local de votação após o segundo turno. O operador informou sobre a política de alteração de locais de votação para melhorar a distribuição dos eleitores e reduzir filas.,00:39:39,True,True,4,0.0
2026092500378,25/09/2026,12:47:16,João Fidelis,Local de Votação / Seção Eleitoral,Resolvido,Respeitoso e Cortês,"O eleitor solicitou a consulta de sua portaria e o operador orientou-o a consultar a carta de convocação no site do TSE, acessando o card 'Mesária/Mesário' e selecionando a opção 'Consultar convocação'. O atendimento foi encerrado com um convite para futuras interações.",01:43:02,False,True,2,3606.0
2026092500382,25/09/2026,12:49:35,João Fidelis,Local de Votação / Seção Eleitoral,Resolvido,Respeitoso e Cortês,"O eleitor solicitou informações sobre a seção eleitoral onde votaria. O operador informou a seção e o local, e confirmou que a atualização da zona não interferia no processo de votação. O atendimento foi encerrado após a eleitora confirmar que não precisava de mais assistência.",00:52:16,False,True,5,0.0
2026092500383,25/09/2026,12:49:35,João Fidelis,Local de Votação / Seção Eleitoral,Não Resolvido,Respeitoso e Cortês,"O eleitor solicitou orientação sobre como alterar o local de votação de João Pessoa para o Conde, mas não foi possível resolver a questão devido à falta de informações específicas e à impossibilidade de alterar o local de votação após o segundo turno. O operador sugeriu que a eleitor solicitasse online ou no cartório eleitoral.",00:32:30,False,True,7,1.0
2026092500384,25/09/2026,12:49:43,João Fidelis,Situação Eleitoral / Título Cancelado ou Regular,Não Resolvido,Respeitoso e Cortês,"O atendimento foi encerrado sem solução para o problema do eleitor, que não conseguiu acessar o E-Título.",00:42:46,False,True,5,1.0
2026092500385,25/09/2026,12:50:23,João Fidelis,Local de Votação / Seção Eleitoral,Não Resolvido,Respeitoso e Cortês,"O eleitor solicitou informações sobre transferir seu título de eleitor para João Pessoa, mas não recebeu resposta adequada. O atendimento foi encerrado sem resolver a dúvida.",01:40:10,False,True,2,3606.0
2026092500390,25/09/2026,13:02:48,André Gomes,Situação Eleitoral / Título Cancelado ou Regular,Resolvido,Respeitoso e Cortês,"O operador esclareceu dúvidas sobre o status do título eleitoral do eleitor, informando que estava regular e fornecendo orientações sobre como proceder caso não funcionasse o aplicativo de biometria.",01:47:41,True,True,9,3611.0
2026092500392,25/09/2026,13:03:53,Jeanne Pereira de Oliveira,Multa / Quitação Eleitoral / Certidões,Não Resolvido,Atendimento Incompleto,O eleitor solicitou orientação sobre como enviar um atestado e foi encaminhado para o cartório eleitoral de Bayeux. O operador sugeriu que o eleitor enviasse o atestado por email e depois ligasse para confirmar recebimento. O operador não respondeu a dúvida específica sobre como enviar o atestado.,01:47:29,False,True,11,3611.0
2026092500396,25/09/2026,13:12:12,João Fidelis,Outros Assuntos,Não Resolvido,Não Respeitoso,O atendimento foi interrompido sem solução para a dúvida do eleitor. O operador encerrou o atendimento sem fornecer informações sobre o treinamento de mesário ou qualquer outra informação relevante.,00:28:45,False,True,1,1.0
2026092500397,25/09/2026,13:13:01,Marcos Antônio Monteiro Júnior,Multa / Quitação Eleitoral / Certidões,Resolvido,Respeitoso e Cortês,O eleitor teve seu título cancelado por falta de votação nas eleições de 2022 e 2024. O operador explicou como ele poderia pagar as multas e como o título seria regularizado quando o cadastro fosse reaberto em novembro.,00:44:31,False,True,13,0.0
2026092500398,25/09/2026,13:13:27,Marcos Antônio Monteiro Júnior,Local de Votação / Seção Eleitoral,Resolvido,Atencioso,"O eleitor solicitou informações sobre a seção eleitoral e o operador forneceu o número da seção, resolvendo sua dúvida.",01:29:22,False,True,7,3601.0
2026092500401,25/09/2026,13:18:48,João Fidelis,Situação Eleitoral / Título Cancelado ou Regular,Não Resolvido,Respeitoso e Cortês,"O eleitor informou que não conseguia acessar seu título de eleitor e estava anexando uma imagem. O operador tentou auxiliá-lo, mas sem sucesso, encerrou o atendimento sem resolver a questão do título.",00:12:23,False,True,5,0.0
2026092500402,25/09/2026,13:20:09,João Fidelis,Outros Assuntos,Não Resolvido,Respeitoso e Cortês,O eleitor não conseguiu acessar a convocação de mesário através do link fornecido e não obteve resolução para sua dúvida. O atendimento foi encerrado sem solução.,01:11:12,False,True,3,3602.0
2026092500403,25/09/2026,13:21:17,João Fidelis,Situação Eleitoral / Título Cancelado ou Regular,Não Resolvido,Respeitoso e Cortês,"O eleitor solicitou informações sobre alterações no número do e-título, mas não foi possível resolver sua questão devido à falta de detalhes ou informações específicas. O atendimento foi encerrado, mas o problema não foi resolvido.",00:11:41,False,True,10,1.0
2026092500413,25/09/2026,13:38:06,João Fidelis,Outros Assuntos,Não Resolvido,Não Respeitoso,"O atendimento foi encerrado sem fornecer uma solução para a dúvida do eleitor, que estava em dúvida sobre o treinamento de mesário voluntário.",01:09:13,False,True,1,3603.0
2026092500417,25/09/2026,13:41:06,João Fidelis,Situação Eleitoral / Título Cancelado ou Regular,Não Resolvido,Respeitoso e Cortês,"O atendimento não respondeu diretamente a questão do acesso ao app do e-titulo, apenas solicitando informações adicionais. O eleitor não recebeu uma solução clara para o problema.",01:23:29,False,True,8,0.0
2026092500421,25/09/2026,13:47:29,Silvania Barreto,Outros Assuntos,Resolvido,Respeitoso e Cortês,"O eleitor fez duas perguntas sobre o Pix para gratificação, sendo que a primeira foi respondida corretamente e a segunda não foi respondida. O atendimento foi respeitoso e cortês.",00:26:03,False,True,2,0.0
2026092500426,25/09/2026,13:57:24,André Gomes,Local de Votação / Seção Eleitoral,Resolvido,Respeitoso e Cortês,O eleitor solicitou informações sobre a localização da seção 0005 na EMEF Emília de Oliveira Neves (antigo Xavier Júnior) e foi orientado a entrar em contato com o cartório da 14ª Zona Eleitoral para obter essa informação.,00:12:21,False,True,6,1.0
2026092500429,25/09/2026,14:01:04,Silvania Barreto,Outros Assuntos,Resolvido,Respeitoso e Cortês,A consulta foi resolvida sobre o pagamento do vale alimentação para mesária. O eleitor agradeceu e encerrou a conversa.,01:19:28,False,True,3,3608.0
2026092500430,25/09/2026,14:01:14,Jeanne Pereira de Oliveira,Situação Eleitoral / Título Cancelado ou Regular,Resolvido,Respeitoso e Cortês,"O eleitor teve seu título cancelado devido à ausência nas urnas nos últimos pleitos. O operador informou que ele precisaria aguardar até novembro para regularizar sua situação, quando o cadastro eleitoral reabriria.",01:11:53,False,True,8,3610.0
2026092500431,25/09/2026,14:04:19,Márcia Gomes,Outros Assuntos,Resolvido,Respeitoso e Cortês,A consulta do eleitor sobre convocação para trabalhos eleitorais foi encerrada com a explicação de que não havia registro de convocação para as eleições 2026 e o atendimento foi encerrado de forma respeitosa.,02:10:35,False,True,5,3607.0
2026092500433,25/09/2026,14:06:55,Marcos Antônio Monteiro Júnior,Multa / Quitação Eleitoral / Certidões,Não Resolvido,Respeitoso e Cortês,"O eleitor solicitou informações sobre o PIX e a dispensa de convocação, mas não obteve êxito em resolver suas dúvidas. O operador encerrou o atendimento sem fornecer uma solução para o problema.",00:45:44,False,True,14,0.0
2026092500434,25/09/2026,14:07:09,Silvania Barreto,Outros Assuntos,Resolvido,Respeitoso e Cortês,O eleitor fez uma pergunta sobre a distribuição de santinhos e foi orientado sobre a data limite. A conversa foi respeitosamente encerrada.,00:25:47,False,True,2,0.0
2026092500448,25/09/2026,14:25:39,Silvania Barreto,Situação Eleitoral / Título Cancelado ou Regular,Não Resolvido,Desconectado,"A consulta foi sobre a biometria e o horário de realização, mas o atendimento não foi concluído e o eleitor não confirmou a solução.",00:06:02,False,True,6,1.0
2026092500452,25/09/2026,14:28:41,Silvania Barreto,Treinamento / Convocação de Mesário,Resolvido,Respeitoso e Cortês,O eleitor solicitou informações sobre sua convocação como mesário em Gado Bravo. O operador informou sobre a falta de treinamento presencial e encaminhou o eleitor para os canais oficiais de informações do TSE e do aplicativo MESÁRIO para obter os conteúdos de treinamento.,00:20:49,False,True,5,0.0
2026092500457,25/09/2026,14:33:22,Marcos Antônio Monteiro Júnior,Situação Eleitoral / Título Cancelado ou Regular,Resolvido,Respeitoso e Cortês,O eleitor teve seu cadastro no título de eleitor regularizado e foi orientado sobre como proceder com base em uma certidão no E-título.,00:11:44,False,True,9,1.0
2026092500462,25/09/2026,14:45:54,Silvania Barreto,Outros Assuntos,Resolvido,Respeitoso e Cortês,O atendimento foi encerrado após informar o local de devolução do material apreendido (Windbanners) na 76ª Zona Eleitoral de João Pessoa. Foram fornecidos os telefones e fax para contato.,01:32:51,False,True,4,3610.0
2026092500463,25/09/2026,14:45:56,Sem Atendente,Outros Assuntos,Não Resolvido,Não Aplicável,"O atendimento foi iniciado, mas não houve discussão sobre nenhum assunto específico. O eleitor solicitou atendimento ao eleitor.",02:01:30,False,False,0,7209.0
2026092500464,25/09/2026,14:46:03,Marcos Antônio Monteiro Júnior,Outros Assuntos,Resolvido,Atendimento Completo,O eleitor solicitou a vinculação de uma chave PIX para o vale-alimentação das eleições de 2026. O operador confirmou que o processo estava em andamento e solicitou se havia mais alguma coisa que pudesse ajudar. O eleitor não solicitou mais assistência.,01:11:32,False,True,6,3605.0
2026092500465,25/09/2026,14:49:19,André Gomes,Situação Eleitoral / Título Cancelado ou Regular,Resolvido,Respeitoso e Cortês,O eleitor informou que seu título estava cancelado devido a não ter votado nas eleições de 2022 e 2024. O operador explicou que só poderia ser regularizado em novembro e informou que o eleitor não tinha mais dúvidas.,01:37:32,False,True,3,0.0
2026092500466,25/09/2026,14:49:55,Márcia Gomes,Situação Eleitoral / Título Cancelado ou Regular,Resolvido,Respeitoso e Cortês,O eleitor informou que o e-título estava apresentando falhas e foi orientado a tentar novamente à noite e amanhã. O problema foi encaminhado para o TSE.,01:20:20,False,True,15,3613.0
2026092500473,25/09/2026,15:06:01,Silvania Barreto,Justificativa Eleitoral,Resolvido,Respeitoso e Cortês,O eleitor fez uma consulta e constatou que não havia opção de desfiliação no local. O atendente orientou-o a formalizar a desfiliação junto ao partido e comunicar ao juiz do cartório eleitoral.,01:13:26,False,True,3,3609.0
2026092500476,25/09/2026,15:50:36,Vanessa,Treinamento / Convocação de Mesário,Resolvido,Respeitoso e Cortês,O eleitor fez uma consulta sobre o processo de validação do certificado de conclusão do treinamento de mesário e recebeu orientações sobre como proceder após as eleições.,00:15:51,False,True,6,1.0
2026092500477,25/09/2026,15:50:37,Silvania Barreto,Treinamento / Convocação de Mesário,Resolvido,Respeitoso e Cortês,O eleitor teve suas dúvidas sobre o direito à folga após o curso de mesário on-line esclarecidas. Foi informado que a folga só seria concedida após a eleição e que o certificado já havia sido emitido.,00:10:35,False,True,5,0.0
2026092500480,25/09/2026,15:55:50,André Gomes,Multa / Quitação Eleitoral / Certidões,Resolvido,Atento e Preciso,O eleitor pagou a multa e recebeu um boleto pix. O atendimento confirmou que a situação está regular e o eleitor pode consultar novamente se necessário.,01:09:27,False,True,5,3607.0
2026092500494,25/09/2026,16:50:32,Marcos Antônio Monteiro Júnior,Justificativa Eleitoral,Não Resolvido,Respeitoso e Cortês,"O eleitor fez uma dúvida sobre votar em trânsito em outra estado (Rio Grande do Norte) e na Paraíba. O operador informou que o período do voto em trânsito havia se encerrado em 20 de agosto e que o eleitor precisaria justificar o voto, seja pelo aplicativo E-Título ou pessoalmente. O operador não respondeu a mais dúvidas e encerrou o atendimento.",01:47:00,False,True,3,3607.0
2026092500495,25/09/2026,16:58:37,Marcos Antônio Monteiro Júnior,Local de Votação / Seção Eleitoral,Resolvido,Respeitoso e Cortês,O eleitor solicitou informações sobre votar em trânsito e foi orientado sobre o período encerrado e a necessidade de justificar o voto. O atendimento foi encerrado após esclarecer as dúvidas.,00:34:16,False,True,3,1.0
2026092500504,25/09/2026,17:34:40,André Gomes,Local de Votação / Seção Eleitoral,Não Resolvido,Respeitoso e Cortês,O eleitor solicitou informações sobre a seção eleitoral onde atuaria como mesária. O operador informou sobre a convocação pelo WhatsApp e o treinamento no aplicativo indicado na convocação. O eleitor não solicitou mais informações e encerrou a conversa.,16:13:46,False,True,12,3613.0
2026092500505,25/09/2026,17:50:39,André Gomes,Situação Eleitoral / Título Cancelado ou Regular,Resolvido,Atento e Informativo,O eleitor conseguiu acessar seu e-título após uma correção de nome e realizou o pagamento de um débito. O operador informou que a situação foi regularizada e explicou que a mudança de local de votação só será possível em novembro após as eleições.,01:19:44,False,True,12,3625.0
2026092500508,25/09/2026,18:05:50,Marcos Antônio Monteiro Júnior,Outros Assuntos,Resolvido,Atento e Preparado,O eleitor solicitou informações sobre a convocação de mesário e recebeu a carta de convocação. O operador confirmou que o documento deveria ser enviado para o RH até quarta-feira e encerrou o atendimento.,00:39:15,False,True,5,1.0
2026092500511,25/09/2026,18:17:38,André Gomes,Treinamento / Convocação de Mesário,Resolvido,Respeitoso e Cortês,O eleitor fez uma consulta sobre o prazo para finalizar o treinamento de mesário e recebeu uma resposta clara do operador.,01:31:57,False,True,1,0.0
2026092500512,25/09/2026,18:18:07,André Gomes,Treinamento / Convocação de Mesário,Resolvido,Respeitoso e Cortês,O eleitor solicitou informações sobre seu serviço nas eleições e recebeu instruções para acessar a convocação e realizar o treinamento de mesário. O operador encerrou a conversa oferecendo mais assistência caso necessário.,15:34:55,False,True,10,5391.0
2026092500514,25/09/2026,18:37:21,André Gomes,Multa / Quitação Eleitoral / Certidões,Resolvido,Respeitoso e Cortês,O eleitor solicitou informações sobre a transferência de título de eleitor e a quitação de uma multa. O operador informou que a transferência só seria possível após as eleições e enviou o código PIX para pagamento da multa.,00:39:21,False,True,3,1.0
2026092500519,25/09/2026,19:01:06,Sem Atendente,Outros Assuntos,Não Resolvido,Não Aplicável,"O eleitor solicitou atendimento direto, mas não especificou qual serviço ou problema queria resolver.",13:08:38,False,False,0,47079.0
2026092500520,25/09/2026,19:01:40,Sem Atendente,Outros Assuntos,Teste/Desconsiderado,Não Aplicável,"A conversa foi considerada um atendimento de teste ou desconsiderado, pois não há informações suficientes para determinar o assunto principal ou a solução do problema.",13:07:57,False,False,0,47175.0
2026092500524,25/09/2026,19:34:19,André Gomes,Local de Votação / Seção Eleitoral,Resolvido,Respeitoso e Cortês,"O eleitor obteve esclarecimentos sobre o local de trabalho para a eleição, a mudança de seção, e a forma de receber o crachá e vale alimentação. O operador encerrou o atendimento após confirmar os detalhes.",00:29:33,False,True,12,1.0
2026092500527,25/09/2026,20:01:17,Roberto Cezar,Situação Eleitoral / Título Cancelado ou Regular,Resolvido,Respeitoso e Cortês,O eleitor teve dúvidas sobre o título de eleitor e foi encaminhado para uma imagem e um guia do eleitor com informações úteis. O atendimento foi encerrado após a entrega dos documentos.,11:07:12,False,True,6,1.0
2026092500529,25/09/2026,20:06:55,Sem Atendente,Outros Assuntos,Teste/Desconsiderado,Não Aplicável,A conversa foi de apenas 3 mensagens e não foi possível identificar o assunto principal ou a solução do problema. O atendimento não foi classificado como Resolvido ou Não Resolvido devido à falta de informações específicas.,12:02:55,False,False,0,43174.0
2026092500530,25/09/2026,20:16:16,Sem Atendente,Local de Votação / Seção Eleitoral,Não Resolvido,Não Respondeu,"O eleitor solicitou informações sobre a convocação de mesário e a validade da mesma, mas não obteve resposta sobre o assunto.",11:53:39,False,False,0,42460.0
2026092500539,25/09/2026,21:47:38,Roberto Cezar,Outros Assuntos,Resolvido,Respeitoso e Cortês,O eleitor fez uma consulta sobre convocações para as eleições de 2024. O operador informou que não havia convocações e encaminhou um guia do eleitor para outras informações úteis.,09:30:39,False,True,10,0.0
2026092500546,25/09/2026,22:36:07,Sem Atendente,Outros Assuntos,Não Resolvido,Não Aplicável,"O atendimento foi iniciado, mas não foram esclarecidas dúvidas específicas. O eleitor solicitou informações sobre o treinamento de mesário, mas não foram fornecidas.",09:33:55,False,False,0,33881.0
2026092600005,26/09/2026,06:04:45,Sem Atendente,Treinamento / Convocação de Mesário,Não Resolvido,Não Respondeu,"O eleitor solicitou informações sobre trabalhar nas eleições, mas não foi fornecida nenhuma informação sobre treinamento ou convocação de mesário.",02:05:36,False,False,0,3601.0
2026092600014,26/09/2026,08:10:37,Roberto Cezar,Justificativa Eleitoral,Resolvido,Respeitoso e Cortês,O eleitor solicitou informações sobre ser convocada como mesária e foi informado que não foi mais chamada para trabalhos eleitorais. O atendimento foi respeitoso e cortês.,01:04:49,False,True,3,3613.0
2026092600015,26/09/2026,08:11:46,Silvania Barreto,Treinamento / Convocação de Mesário,Resolvido,Respeitoso e Cortês,O eleitor confirmou sua convocação como 1º mesário e recebeu orientações sobre o treinamento presencial e online. O operador encaminhou o eleitor para os contatos e informações necessárias para realizar o treinamento.,01:38:57,False,True,11,3608.0
2026092600017,26/09/2026,08:21:45,André Gomes,Outros Assuntos,Não Resolvido,Atendimento Incompleto,"O eleitor estava com problemas para inserir a chave pix no celular e não conseguiu obter uma solução imediata. O operador orientou sobre a importância de ter uma conta bancária com o CPF como chave pix, mas não respondeu diretamente ao problema do celular.",12:16:58,False,True,5,42821.0
2026092600023,26/09/2026,08:50:53,Roberto Cezar,Outros Assuntos,Resolvido,Atento e Preparado,"O eleitor solicitou informações sobre o local e horário de atendimento para retirar materiais de propaganda irregular. O operador forneceu os detalhes e confirmou o horário de funcionamento, encerrando o atendimento.",00:22:09,False,True,7,1.0
2026092600026,26/09/2026,09:19:27,André Gomes,Justificativa Eleitoral,Resolvido,Respeitoso e Cortês,O eleitor solicitou esclarecimento sobre a sua convocação para trabalhar nas eleições. O operador confirmou que a eleitor não estava mais convocada e encaminhou o eleitor para verificar sua situação no site do TSE. O eleitor agradeceu e encerrou a conversa.,00:32:27,False,True,10,0.0
2026092600028,26/09/2026,09:33:26,Silvania Barreto,Local de Votação / Seção Eleitoral,Não Resolvido,Respeitoso e Cortês,"O eleitor solicitou informações sobre como se comunicar com o cartório para justificar a ausência do treinamento de mesário. O operador forneceu os números de telefone e e-mail do cartório, mas não respondeu diretamente à dúvida sobre a justificação da ausência.",01:57:48,False,True,5,3607.0
2026092600029,26/09/2026,09:34:03,Roberto Cezar,Justificativa Eleitoral,Resolvido,Respeitoso e Cortês,O eleitor solicitou orientações sobre como justificar sua ausência devido a viagem para sua cidade de votação. O operador informou o contato da Zona Eleitoral de João Pessoa e orientou sobre a possibilidade de comunicação via WhatsApp.,00:11:00,False,True,7,0.0
2026092600030,26/09/2026,09:37:14,André Gomes,Outros Assuntos,Resolvido,Respeitoso e Cortês,O eleitor solicitou a impressão de um papel de convocação para mesário e o operador enviou o arquivo solicitado. A conversa foi respeitosamente encerrada.,00:18:01,False,True,3,1.0
2026092600034,26/09/2026,09:50:36,André Gomes,Local de Votação / Seção Eleitoral,Resolvido,Atento e Informativo,"O eleitor solicitou informações sobre o horário de funcionamento do cartório eleitoral. O operador informou que os cartórios funcionam de segunda à sexta, das 07 às 14 horas e encerrou o atendimento.",08:24:22,True,True,5,14905.0
2026092600035,26/09/2026,09:51:27,Silvania Barreto,Local de Votação / Seção Eleitoral,Não Resolvido,Respeitoso e Cortês,"O eleitor solicitou informações sobre se estava na lista de mesários e foi informado que não constava convocação. O operador ofereceu auxílio adicional, mas não conseguiu resolver a dúvida do eleitor.",01:39:08,False,True,10,3617.0
2026092600039,26/09/2026,10:00:53,Silvania Barreto,Multa / Quitação Eleitoral / Certidões,Resolvido,Respeitoso e Cortês,"O eleitor teve sua situação eleitoral esclarecida, tendo sido informado sobre a suspensão de seus direitos políticos devido a um processo judicial. Ele foi encaminhado para a próxima etapa de resolução do caso.",00:26:33,True,True,9,1.0
2026092600040,26/09/2026,10:01:19,André Gomes,Justificativa Eleitoral,Não Resolvido,Incompleto,"O eleitor estava em dúvida sobre a convocação para trabalhar na eleição e a dispensa posterior. O operador informou que a eleitor não foi convocada na eleição de 2024, mas não respondeu sobre a falta de convocação e a solicitação de justificativa.",04:40:18,False,True,7,0.0
2026092600043,26/09/2026,10:14:06,Valéria,Local de Votação / Seção Eleitoral,Resolvido,Respeitoso e Cortês,O eleitor solicitou a seção para trabalhar e foi informada que trabalhará na Seção 0103 da EMEF JOÃO ROSADO DE OLIVEIRA CICERO AMARO SN CENTRO. A atendente Valéria respondeu adequadamente e encerrou a conversa.,00:04:28,False,True,4,0.0
2026092600050,26/09/2026,10:52:42,André Gomes,Situação Eleitoral / Título Cancelado ou Regular,Resolvido,Respeitoso e Cortês,"O eleitor perdeu seu título físico e conseguiu obter um novo título online, após corrigir os dados de seu cadastro. O operador orientou sobre a possibilidade de revisão caso os dados estivessem incorretos.",01:30:42,False,True,7,3606.0
2026092600051,26/09/2026,10:53:43,Roberto Cezar,Outros Assuntos,Não Resolvido,Não Resolvido,O atendimento foi interrompido devido à falta de resposta do eleitor e não foi possível determinar o assunto principal da dúvida.,01:41:38,True,True,4,3601.0
2026092600052,26/09/2026,10:56:27,Roberto Cezar,Local de Votação / Seção Eleitoral,Resolvido,Respeitoso e Cortês,O eleitor teve suas dúvidas sobre o local de votação esclarecidas e recebeu um guia do eleitor com informações úteis.,01:16:49,True,True,7,3616.0
2026092600053,26/09/2026,11:01:25,Roberto Cezar,Justificativa Eleitoral,Resolvido,Respeitoso e Cortês,O eleitor solicitou orientação sobre como justificar sua ausência como secretária nas eleições. O operador informou que ela deve procurar a Zona Eleitoral que a convocou e agradeceu o contato do eleitor.,00:04:07,False,True,3,1.0
2026092600056,26/09/2026,11:22:17,André Gomes,Treinamento / Convocação de Mesário,Resolvido,Respeitoso e Cortês,O eleitor foi convocado como mesário e recebeu informações sobre o treinamento presencial que deve ser feito pelo aplicativo 'Mesário' e sobre o pagamento da diária e auxílio alimentação.,03:45:37,False,True,7,7611.0
2026092600057,26/09/2026,11:23:11,Roberto Cezar,Situação Eleitoral / Título Cancelado ou Regular,Não Resolvido,Respeitoso e Cortês,"O eleitor teve dificuldades para acessar seu cadastro eleitoral e resolver problemas relacionados ao título de eleitor. O operador sugeriu que ele mandasse uma cópia do título mais recente para resolver o problema, mas não conseguiu resolver a questão de forma efetiva.",00:37:17,False,True,27,0.0
2026092600058,26/09/2026,11:24:41,Silvania Barreto,Situação Eleitoral / Título Cancelado ou Regular,Resolvido,Respeitoso e Cortês,"O eleitor solicitou agendar uma visita para tirar seu título de eleitor, mas foi informado que o cadastro estava fechado e só seria possível em novembro. O atendimento foi respeitoso e a informação foi clara.",00:10:02,False,True,3,0.0
2026092600060,26/09/2026,11:32:04,Silvania Barreto,Local de Votação / Seção Eleitoral,Não Resolvido,Desconectado e Incorreto,"O eleitor solicitou verificar o motivo da não realização da mudança de local de votação. O operador informou que não havia registro de solicitação via web e que o cadastro estava fechado, apenas em novembro. O operador não respondeu adequadamente à dúvida do eleitor.",02:18:22,False,True,15,3609.0
2026092600066,26/09/2026,12:05:08,Silvania Barreto,Local de Votação / Seção Eleitoral,Resolvido,Respeitoso e Cortês,"O eleitor teve suas dúvidas sobre a convocação para ser mesária e a seção de votação. O operador informou que a eleitor estava na seção de votação da ESCOLA MUNICIPAL AGOSTINHO FONSECA NETO, e que a presença dela na urna registraria sua presença, permitindo que ela apresentasse um aviso verbal no trabalho.",01:16:13,False,True,23,0.0
2026092600070,26/09/2026,12:28:08,Silvania Barreto,Outros Assuntos,Não Resolvido,Respeitoso e Cortês,"A conversa não abordou diretamente um assunto específico, mas o operador ofereceu auxílio ao eleitor para resolver sua situação. O eleitor encerrou a conversa sem receber uma solução clara para sua dúvida.",00:52:43,False,True,12,0.0
2026092600079,26/09/2026,13:58:49,Roberto Cezar,Situação Eleitoral / Título Cancelado ou Regular,Não Resolvido,Incompleto e Desinformado,"O eleitor estava tentando validar seu título no aplicativo, mas não conseguiu. O operador não conseguiu esclarecer a situação ou oferecer uma solução eficaz.",01:36:02,False,True,7,3601.0
2026092600082,26/09/2026,14:15:43,André Gomes,Treinamento / Convocação de Mesário,Resolvido,Atento e Preciso,O eleitor teve suas dúvidas sobre o treinamento presencial de 1º secretário resolvidas. O operador confirmou que o treinamento é feito pelo aplicativo 'Mesário' e deve ser concluído até o dia 03/10.,00:28:09,False,True,7,0.0
2026092600083,26/09/2026,14:22:13,Silvania Barreto,Situação Eleitoral / Título Cancelado ou Regular,Não Resolvido,Respeitoso e Cortês,"O eleitor tentou mudar os dados do seu título, mas foi informado que o cadastro estava fechado e só reabriria em novembro. O atendimento foi respeitoso, mas não foi possível resolver a questão do eleitor.",00:06:42,False,True,3,0.0
2026092600086,26/09/2026,14:27:35,Silvania Barreto,Multa / Quitação Eleitoral / Certidões,Resolvido,Atendimento eficaz e direto ao ponto,"A atendente Silvania Barreto orientou o eleitor sobre como realizar a quitação de dívida eleitoral usando PIX, fornecendo o código necessário.",01:46:44,False,True,5,5524.0
2026092600090,26/09/2026,14:44:31,André Gomes,Multa / Quitação Eleitoral / Certidões,Resolvido,Respeitoso e Cortês,O eleitor teve seu débito eleitoral resolvido e foi informado sobre o tempo de espera para a regularização do título eleitoral. Ele foi orientado a consultar o canal para acompanhar o processo.,04:56:31,False,True,6,0.0
2026092600093,26/09/2026,14:57:27,André Gomes,Local de Votação / Seção Eleitoral,Resolvido,Respeitoso e Cortês,O eleitor solicitou informações sobre o local de trabalho no dia das eleições e recebeu uma carta de convocação que indicava a seção eleitoral. O atendimento foi respeitoso e cortês.,00:21:37,False,True,3,0.0
2026092600098,26/09/2026,15:03:48,André Gomes,Multa / Quitação Eleitoral / Certidões,Não Resolvido,Atento e Clarificando,"A consulta do eleitor sobre a necessidade de cadastrar uma conta pix para receber vale refeição do mesário foi esclarecida, mas o operador não conseguiu resolver a dúvida sobre a necessidade de cadastrar a conta na ficha de mesário, deixando o eleitor insatisfeito.",01:33:44,False,True,10,3623.0
2026092600106,26/09/2026,15:36:50,Silvania Barreto,Multa / Quitação Eleitoral / Certidões,Não Resolvido,Respeitoso e Cortês,"O eleitor não conseguiu acessar o aplicativo para atualizar seu título de eleitor e não obteve solução para o problema. O operador sugeriu tentar em locais com boa conexão Wi-Fi e ofereceu alternativas de atendimento, mas o eleitor optou por resolver a questão de outra forma.",00:59:03,False,True,22,0.0
2026092600108,26/09/2026,15:39:05,Roberto Cezar,Situação Eleitoral / Título Cancelado ou Regular,Resolvido,Respeitoso e Cortês,O eleitor confirmou que não havia sido convocada para trabalhar como mesária nas eleições e foi encaminhada para verificar seu cadastro. O operador confirmou que não havia convocação para as eleições em curso e encerrou a conversa.,00:06:47,False,True,7,0.0
2026092600110,26/09/2026,15:43:58,Silvania Barreto,Local de Votação / Seção Eleitoral,Resolvido,Respeitoso e Cortês,O eleitor obteve orientação sobre a seção de votação e o local do colégio onde ele trabalharia como mesário. O operador também forneceu os números de telefone e e-mail do cartório eleitoral para esclarecer dúvidas sobre a chave pix.,00:28:36,False,True,10,0.0
2026092600111,26/09/2026,15:52:19,André Gomes,Local de Votação / Seção Eleitoral,Resolvido,Respeitoso e Cortês,O eleitor teve suas dúvidas sobre a zona de votação resolvidas e pagou uma multa de não votação no 2º turno. Seu marido também teve a situação regularizada.,02:22:08,False,True,13,6165.0
2026092600112,26/09/2026,15:52:52,Silvania Barreto,Multa / Quitação Eleitoral / Certidões,Resolvido,Respeitoso e Cortês,A eleitora recebeu orientações sobre o pagamento do vale-alimentação e a efetivação do pagamento através da chave do CPF. O atendimento foi respeitoso e cortês.,01:18:32,False,True,3,3890.0
2026092600113,26/09/2026,15:57:04,André Gomes,Local de Votação / Seção Eleitoral,Não Resolvido,Atento e Paciente,"O eleitor solicitou informações sobre a convocação para trabalhar de mesária na seção 23, o que foi confirmado. O operador informou que não era necessário imprimir o e-título e forneceu um link para confirmar a convocação. O eleitor relatou que não conseguia confirmar a convocação, mesmo tentando com o CPF e o título de eleitor.",24:49:43,False,True,7,86405.0
2026092600121,26/09/2026,16:40:24,Roberto Cezar,Local de Votação / Seção Eleitoral,Resolvido,Respeitoso e Cortês,O eleitor tirou dúvidas sobre a convocação como mesária na mesma seção e recebeu informações sobre o vale alimentação. O operador encaminhou o eleitor para um guia do eleitor com mais informações úteis.,01:28:20,False,True,8,3785.0
2026092600124,26/09/2026,16:57:05,Roberto Cezar,Local de Votação / Seção Eleitoral,Não Resolvido,Respeitoso e Cortês,"O eleitor solicitou informações sobre as seções agregadas da Zona Eleitoral 37ª, mas o operador informou que não tinha acesso a essa informação e apenas informou o local de votação do eleitor. O atendimento foi respeitoso e cortês.",01:05:15,False,True,3,3606.0
2026092600130,26/09/2026,17:34:17,André Gomes,Situação Eleitoral / Título Cancelado ou Regular,Resolvido,Respeitoso e Cortês,O eleitor confirmou que nunca tirou seu título e foi informado sobre o encerramento do prazo de inscrição eleitoral. O atendimento foi encerrado após a confirmação de que não havia mais questões.,01:43:32,False,True,3,5537.0
2026092600135,26/09/2026,17:54:10,André Gomes,Situação Eleitoral / Título Cancelado ou Regular,Resolvido,Respeitoso e Cortês,"O eleitor teve dúvidas sobre a regularização de seu título de eleitor. O operador orientou-o sobre como usar os dados corretos no e-título e sobre a possibilidade de votar com o RG até 3 de novembro, caso haja necessidade de solicitar uma revisão dos dados.",00:44:56,False,True,13,1.0
2026092600138,26/09/2026,18:07:30,Roberto Cezar,Situação Eleitoral / Título Cancelado ou Regular,Resolvido,Respeitoso e Cortês,O eleitor teve seu título eleitoral digital acessado e foi fornecido um QR Code para uso durante a votação. O operador encerrou o atendimento após a solução do problema.,00:27:52,False,True,11,1.0
2026092600141,26/09/2026,18:22:01,André Gomes,Local de Votação / Seção Eleitoral,Resolvido,Respeitoso e Cortês,O eleitor solicitou a impressão da convocação para trabalhar nas eleições e recebeu uma carta de convocação enviada por e-mail. O operador confirmou que o eleitor estava convocado para a seção eleitoral.,01:12:10,False,True,3,0.0
2026092600145,26/09/2026,18:41:13,Roberto Cezar,Justificativa Eleitoral,Não Resolvido,Respeitoso e Cortês,"O eleitor solicitou orientação sobre como justificar a ausência devido à distância da seção eleitoral. O operador indicou que deveria se comunicar com a chefia para solicitar substituição, mas não conseguiu fornecer uma solução definitiva.",00:17:10,False,True,8,1.0
2026092600146,26/09/2026,18:43:37,Roberto Cezar,Outros Assuntos,Não Resolvido,Desconectado,"O atendimento foi interrompido devido à demora na resposta do operador, sem que a dúvida do eleitor sobre como proceder fosse esclarecida.",01:11:48,False,True,3,3605.0
2026092600148,26/09/2026,19:07:01,André Gomes,Local de Votação / Seção Eleitoral,Resolvido,Respeitoso e Cortês,O eleitor foi orientado sobre a situação de dispensa da convocação para trabalhar nas eleições e encaminhado para entrar em contato com o cartório eleitoral para solicitar interesse em trabalhar caso necessário.,00:14:52,False,True,9,2.0
2026092600158,26/09/2026,19:58:25,Charles,Outros Assuntos,Resolvido,Respeitoso e Cortês,"O eleitor teve uma dúvida sobre a ativação de sua chave Pix, que estava inativa devido a problemas no banco. O operador orientou-o a verificar com seu cartório eleitoral e encaminhou-o para contato com Ricardo, chefe da 50ª zona eleitoral, para obter assistência adicional.",16:44:48,False,True,4,0.0
2026092600162,26/09/2026,20:22:11,Charles,Local de Votação / Seção Eleitoral,Resolvido,Respeitoso e Cortês,"O eleitor solicitou informações sobre como emitir sua carta de convocação para o treinamento de mesário. O operador Charles informou sobre o procedimento no site do TSE e confirmou que a situação foi esclarecida, encerrando o atendimento.",16:36:54,False,True,3,4420.0
2026092600166,26/09/2026,20:58:50,Charles,Multa / Quitação Eleitoral / Certidões,Não Resolvido,Atento e Paciente,"O eleitor não conseguiu acessar o aplicativo e-Título e solicitou ajuda para resolver o problema. O operador orientou-o a verificar o cadastro de eleitores, atualizar dados e emitir uma segunda via do título eleitoral. O eleitor não recebeu solução satisfatória e encerrou a conversa insatisfeito.",16:00:37,False,True,35,3611.0
2026092600170,26/09/2026,22:10:13,Charles,Justificativa Eleitoral,Resolvido,Respeitoso e Cortês,O eleitor confirmou que estava liberada para não trabalhar como mesária esse ano devido a uma justificativa médica (gravidez). O operador confirmou a informação e encerrou a conversa.,14:26:07,False,True,6,1.0
2026092600172,26/09/2026,23:04:45,Charles,Justificativa Eleitoral,Não Resolvido,Atendimento Incompleto,O eleitor solicitou esclarecimentos sobre a impossibilidade de ser mesário devido a trabalho na prefeitura de Cabedelo. O operador informou que deveria justificar a ausência junto ao juiz eleitoral e sugeriu que o eleitor verificasse sua situação de convocação no link fornecido. O eleitor não solicitou mais esclarecimentos e encerrou a conversa.,09:52:25,False,True,6,3607.0
2026092600175,26/09/2026,23:44:36,Charles,Multa / Quitação Eleitoral / Certidões,Resolvido,Respeitoso e Cortês,"O eleitor teve sua situação de CPF no cadastro verificada e confirmada para o pagamento PIX, sendo encaminhado adequadamente para a próxima etapa sem dúvidas adicionais.",09:00:38,False,True,5,3612.0
2026092700007,27/09/2026,08:34:04,Marcos Antônio Monteiro Júnior,Situação Eleitoral / Título Cancelado ou Regular,Não Resolvido,Atento e Preocupado,"O atendimento tratou sobre a emissão de certidão de dias trabalhados e a necessidade de revisão do cadastro do eleitor, que só será possível quando o cadastro for reaberto no início de novembro.",01:34:38,False,True,9,3847.0
2026092700009,27/09/2026,08:56:29,João Fidelis,Local de Votação / Seção Eleitoral,Resolvido,Respeitoso e Cortês,O eleitor conseguiu obter informações sobre a seção e zona de votação através de um link fornecido pelo operador. O operador também esclareceu sobre os dias de folga para trabalhar como mesário. O atendimento foi considerado satisfatório.,00:13:53,False,True,4,1.0
2026092700016,27/09/2026,09:14:53,Vanessa,Treinamento / Convocação de Mesário,Resolvido,Atento e Informativo,O eleitor teve suas dúvidas respondidas sobre o treinamento de mesário e foi encaminhado para acessar a convocação no site do TSE. O atendimento foi eficaz e completo.,01:21:54,False,True,19,3609.0
2026092700034,27/09/2026,11:08:49,Vanessa,Local de Votação / Seção Eleitoral,Não Resolvido,Respeitoso e Cortês,O eleitor teve dúvidas sobre a transferência de local de votação e a dispensa de ausência. O operador informou sobre o processo de solicitar a dispensa e encaminhou o e-mail para contato. O atendimento foi encerrado sem resolver completamente as dúvidas do eleitor.,01:35:06,False,True,12,3604.0
2026092700035,27/09/2026,11:14:26,Vanessa,Local de Votação / Seção Eleitoral,Não Resolvido,Respeitoso e Cortês,"A eleitora solicitou transferência de votação, mas foi informada que o prazo havia passado. A operadora sugeriu que ela combinasse horário com outros mesários para votar.",00:22:13,False,True,4,0.0
2026092700036,27/09/2026,11:18:04,Vanessa,Local de Votação / Seção Eleitoral,Resolvido,Respeitoso e Cortês,O eleitor solicitou a alteração de local de trabalho devido a mudança de cidade. O operador informou que não é possível alterar o local de trabalho e forneceu o link para o aplicativo de treinamento online de mesário.,00:31:03,False,True,4,1.0
2026092700037,27/09/2026,11:19:32,Vanessa,Outros Assuntos,Não Resolvido,Respeitoso e Cortês,O atendimento foi encerrado após a eleitor não expressar mais dúvidas ou necessidade de assistência. O operador encaminhou o e-mail para a Procuradoria Regional Eleitoral e o telefone de contato.,00:29:58,True,True,9,0.0
2026092700039,27/09/2026,11:21:56,Vanessa,Local de Votação / Seção Eleitoral,Resolvido,Respeitoso e Cortês,"O eleitor solicitou informações sobre o que aconteceria se não pudesse trabalhar nas eleições. O operador esclareceu que ele precisaria enviar um e-mail para sua zona eleitoral com documentos comprovando o motivo, e que a juíza analisaria o requerimento.",01:29:17,False,True,16,3601.0
2026092700043,27/09/2026,11:39:57,Vanessa,Multa / Quitação Eleitoral / Certidões,Resolvido,Respeitoso e Cortês,"O eleitor solicitou a liberação de um 'cabadelo' (presumivelmente uma certidão ou documento relacionado à votação), informou que o problema foi resolvido, e o operador encerrou o atendimento.",01:36:50,False,True,7,3644.0
2026092700045,27/09/2026,11:45:32,Vanessa,Local de Votação / Seção Eleitoral,Não Resolvido,Respeitoso e Cortês,"O eleitor tentou mudar seu local de votação, mas foi informado que o prazo para mudança já havia expirado. Vanessa encerrou o atendimento, sugerindo que o eleitor retornasse quando o cadastro fosse reaberto.",01:20:50,False,True,5,3606.0
2026092700046,27/09/2026,11:46:08,Marcos Antônio Monteiro Júnior,Local de Votação / Seção Eleitoral,Resolvido,Respeitoso e Cortês,O eleitor solicitou informações sobre a função que seria exercida durante as eleições e recebeu orientações sobre como entrar em contato com o Cartório Eleitoral para obter mais detalhes.,00:37:51,False,True,9,0.0
2026092700047,27/09/2026,11:51:06,Marcos Antônio Monteiro Júnior,Local de Votação / Seção Eleitoral,Resolvido,Respeitoso e Cortês,O eleitor solicitou informações sobre a mudança de seção de trabalho devido a mudanças de seção de escola. O operador informou o novo local de trabalho e encerrou a conversa.,00:22:13,False,True,7,1.0
2026092700050,27/09/2026,12:09:03,Marcos Antônio Monteiro Júnior,Outros Assuntos,Resolvido,Respeitoso e Cortês,O eleitor solicitou a carta de convocação para as eleições e não conseguiu encontrar o arquivo no site. Marcos Antônio Monteiro Júnior encaminhou o link para o arquivo e encerrou a conversa.,00:08:34,False,True,4,0.0
2026092700053,27/09/2026,12:41:55,Charles,Local de Votação / Seção Eleitoral,Resolvido,Respeitoso e Cortês,O eleitor fez uma consulta sobre ser convocado para mesário e foi informado que ele foi dispensado. O atendimento foi respeitoso e cortês.,01:05:23,False,True,3,3618.0
2026092700054,27/09/2026,12:45:28,Charles,Justificativa Eleitoral,Resolvido,Respeitoso e Cortês,O eleitor solicitou a dispensa de sua convocação como mesário voluntário devido a mudança de município. O operador orientou-o a entrar em contato com o cartório eleitoral da 25ª Zona Eleitoral para formalizar sua solicitação.,00:11:08,False,True,4,1.0
2026092700059,27/09/2026,12:55:08,Charles,Multa / Quitação Eleitoral / Certidões,Resolvido,Respeitoso e Cortês,O eleitor pagou uma multa por PIX e recebeu a certidão de quitação. O operador confirmou a quitação após o pagamento e encerrou o atendimento.,00:15:15,False,True,13,1.0
2026092700063,27/09/2026,13:18:05,Charles,Justificativa Eleitoral,Resolvido,Respeitoso e Informativo,"O eleitor solicitou orientações sobre como justificar sua ausência como mesária e recebeu informações sobre o valor da multa, o local do cartório e os telefones para contato. O atendimento foi eficaz e completo.",00:16:19,False,True,12,0.0
2026092700075,27/09/2026,14:44:49,Sem Atendente,Situação Eleitoral / Título Cancelado ou Regular,Não Resolvido,Não Resolvido,O eleitor informou que não pôde votar em 2024 devido ao título estar cancelado e solicitou esclarecimento sobre a situação do seu título. O atendente não respondeu adequadamente às dúvidas do eleitor.,00:06:18,False,False,0,0.0
2026092700077,27/09/2026,14:45:27,Marcos Antônio Monteiro Júnior,Situação Eleitoral / Título Cancelado ou Regular,Resolvido,Respeitoso e Cortês,O eleitor teve problemas para acessar seu e-título e foi orientado a usar os dados da certidão de quitação para obter a segunda via do documento.,00:16:11,False,True,7,0.0
2026092700079,27/09/2026,14:52:15,Vanessa,Situação Eleitoral / Título Cancelado ou Regular,Não Resolvido,Respeitoso e Cortês,"O eleitor solicitou orientação sobre como regularizar seu título suspenso, mas o operador apenas informou sobre a necessidade de ir à Vara de Execução Penal para solicitar a extinção de punibilidade, sem fornecer um caminho mais direto para regularização. O atendimento foi encerrado sem resolver a questão do eleitor.",02:26:04,False,True,10,3607.0
2026092700084,27/09/2026,15:06:19,Vanessa,Treinamento / Convocação de Mesário,Não Resolvido,Respeitoso e Cortês,"O eleitor solicitou informações sobre a dispensa de serviço decorrente de trabalho na eleição. O operador forneceu a referência da Resolução n.º 22.747/2008 do TSE, mas não respondeu diretamente às dúvidas do eleitor sobre a situação específica de sua dispensa de serviço.",02:11:15,False,True,7,3604.0
2026092700086,27/09/2026,15:26:31,Charles,Justificativa Eleitoral,Não Resolvido,Atendimento Incompleto,"O eleitor solicitou dispensa da função de mesária devido à necessidade de amamentar seu bebê. O operador indicou que o eleitor deveria entrar em contato com o cartório de sua zona eleitoral para solicitar a dispensa, sem fornecer mais orientações ou encaminhamentos.",01:49:15,False,True,7,3608.0
2026092700088,27/09/2026,15:46:16,Vanessa,Treinamento / Convocação de Mesário,Não Resolvido,Respeitoso e Cortês,"O eleitor solicitou orientação sobre como apresentar uma dispensa médica para não trabalhar como mesária. O operador informou o e-mail para encaminhar o requerimento e os documentos, mas não respondeu diretamente sobre como encaminhar os documentos. O atendimento foi encerrado sem resolver a dúvida do eleitor.",01:36:05,False,True,8,3601.0
2026092700099,27/09/2026,16:05:51,Charles,Multa / Quitação Eleitoral / Certidões,Resolvido,Respeitoso e Cortês,"O eleitor fez uma consulta sobre a cor de roupa que o mesário pode usar e sobre a necessidade de enviar a chave PIX. O operador Charles informou sobre as regras e confirmou que o CPF já constava no cadastro de eleitores, não sendo necessário enviar a chave PIX. O atendimento foi respeitoso e o eleitor encerrou satisfeito.",01:10:58,False,True,7,3607.0
2026092700100,27/09/2026,16:06:22,Vanessa,Treinamento / Convocação de Mesário,Resolvido,Respeitoso e Cortês,O eleitor solicitou informações sobre a declaração de trabalho eleitoral e a carta de convocação. O operador informou que a declaração é emitida após o atendimento como auxiliar de divulgação e encaminhou a carta de convocação para o e-mail do eleitor.,00:08:49,False,True,7,0.0
2026092700101,27/09/2026,16:17:00,Vanessa,Outros Assuntos,Não Resolvido,Atendimento Incompleto,O atendimento não respondeu à dúvida sobre a convocação para ser mesária. O atendente apenas informou que não havia convocação e sugeriu que o eleitor indagasse à sua zona eleitoral. O atendimento foi encerrado sem esclarecer completamente a dúvida do eleitor.,01:40:46,False,True,9,3607.0
2026092700103,27/09/2026,16:21:38,Vanessa,Outros Assuntos,Resolvido,Respeitoso e Cortês,"A eleitora solicitou informações sobre sua convocação como mesária, sendo informada que foi convocada mas dispensada. O atendimento encerrou com a agradecimento da eleitora.",01:32:04,False,True,6,3605.0
2026092700106,27/09/2026,16:25:10,Vanessa,Justificativa Eleitoral,Resolvido,Atencioso e Clarificando,"O eleitor solicitou justificativa de dispensa para trabalhar como mesária e foi orientado sobre o processo, incluindo o envio por e-mail e anexação de documentos. A atendente esclareceu que não havia impedimento para votar, exceto em caso de incapacidade física ou doença que impossibilitasse a participação.",00:09:30,False,True,13,1.0
2026092700109,27/09/2026,16:36:15,Charles,Justificativa Eleitoral,Resolvido,Respeitoso e Cortês,"O eleitor solicitou orientação sobre como registrar a impossibilidade de votar devido a um irmão com condição neurológica. O operador informou que não é possível efetuar o registro no momento, sugerindo que o eleitor realize a quitação de multa após as eleições e compareça ao cartório eleitoral para registrar a situação futuramente.",00:15:51,False,True,10,0.0
2026092700111,27/09/2026,16:39:35,Charles,Outros Assuntos,Não Resolvido,Não Respondeu,O eleitor solicitou desligamento de mesário e foi encaminhado para entrar em contato com seu cartório eleitoral. Não houve resolução de dúvidas específicas sobre o assunto.,01:27:52,False,True,7,3610.0
2026092700112,27/09/2026,16:42:29,Marcos Antônio Monteiro Júnior,Erro no Processamento,Indeterminado,Indeterminado,Não foi possível analisar este protocolo.,01:09:36,False,True,6,3615.0
2026092700113,27/09/2026,16:53:55,Vanessa,Local de Votação / Seção Eleitoral,Resolvido,Respeitoso e Cortês,O eleitor solicitou informações sobre o local de trabalho e a possibilidade de mudança de local de votação. O operador informou que a mudança já havia passado do prazo e sugeriu que o eleitor combinasse o horário de votação com outros mesários. O eleitor agradeceu e encerrou a conversa.,00:24:31,False,True,8,0.0
2026092700117,27/09/2026,17:10:32,Marcos Antônio Monteiro Júnior,Local de Votação / Seção Eleitoral,Não Resolvido,Não Respondeu ou Respondeu Incorretamente,"O eleitor teve dúvidas sobre a convocação para trabalhar de secretária na seção eleitoral, mas o operador não conseguiu esclarecer ou encaminhar o problema. O atendimento foi encerrado sem solução.",00:18:45,False,True,6,0.0
2026092700118,27/09/2026,17:12:47,Marcos Antônio Monteiro Júnior,Local de Votação / Seção Eleitoral,Resolvido,Atento e Clarificando,O eleitor foi orientado sobre a impossibilidade de mudança de local de votação e encaminhado para as opções de justificativa de ausência e uso do aplicativo 'e-Título' para votar em outra seção eleitoral.,01:16:46,False,True,4,3605.0
2026092700119,27/09/2026,17:12:54,Marcos Antônio Monteiro Júnior,Multa / Quitação Eleitoral / Certidões,Resolvido,Respeitoso e Cortês,"O eleitor solicitou a confirmação de um pagamento de alimentação nas eleições, e o operador confirmou que o valor será encaminhado no domingo, durante a eleição, após a verificação do pagamento no banco.",01:05:59,False,True,4,3665.0
2026092700127,27/09/2026,17:41:21,Marcos Antônio Monteiro Júnior,Local de Votação / Seção Eleitoral,Não Resolvido,Respeitoso e Cortês,"O eleitor solicitou esclarecimentos sobre folgas e valores de auxílios, mas a dúvida principal era sobre a seção eleitoral. O operador não foi capaz de fornecer uma resposta clara e definitiva sobre a questão de folgas, mantendo o atendimento em aberto.",01:24:58,False,True,28,3645.0
2026092700128,27/09/2026,17:44:54,Marcos Antônio Monteiro Júnior,Situação Eleitoral / Título Cancelado ou Regular,Resolvido,Respeitoso e Cortês,"O eleitor teve seu título cancelado e solicitou a regularização para conseguir a certidão de quitação eleitoral. O operador informou que seria necessário pagar multas e aguardar o retorno do cadastro, que estava fechado. Ele garantiu que encaminharia a certidão para a eleitora.",01:58:49,False,True,9,3745.0
2026092700129,27/09/2026,17:48:41,Vanessa,Treinamento / Convocação de Mesário,Resolvido,Respeitoso e Cortês,O eleitor solicitou a carta de convocação para ser mesário e recebeu o documento. O atendimento foi encerrado após a entrega do documento.,00:11:39,False,True,6,0.0
2026092700130,27/09/2026,17:53:13,Marcos Antônio Monteiro Júnior,Treinamento / Convocação de Mesário,Não Resolvido,,,01:17:59,False,True,13,3782.0
2026092700132,27/09/2026,17:59:20,Marcos Antônio Monteiro Júnior,Multa / Quitação Eleitoral / Certidões,Resolvido,Respeitoso e Cortês,"O eleitor teve seu problema resolvido com a emissão de uma certidão de quitação eleitoral, permitindo que ele procedesse com a validação dos dados no aplicativo do título.",01:13:11,False,True,4,3603.0
2026092700133,27/09/2026,18:03:42,Vanessa,Multa / Quitação Eleitoral / Certidões,Não Resolvido,Respeitoso e Cortês,O eleitor solicitou informações sobre auxílio alimentação e transporte para mesários. O atendente informou que o pagamento é automático e que não há ajuda de transporte disponível.,00:10:01,False,True,7,0.0
2026092700168,27/09/2026,21:03:42,João Fidelis,Multa / Quitação Eleitoral / Certidões,Não Resolvido,Não Respeitoso,"O eleitor perguntou sobre o depósito do vale alimentação, mas o operador encerrou o atendimento sem fornecer a informação solicitada.",11:23:43,False,True,1,3604.0
2026092700169,27/09/2026,21:10:49,João Fidelis,Outros Assuntos,Não Resolvido,Respeitoso e Cortês,"O atendimento foi encerrado por falta de interação, sem que o operador pudesse esclarecer a dúvida do eleitor sobre o treinamento de mesário voluntário.",11:16:48,False,True,1,3608.0
2026092700175,27/09/2026,23:31:30,João Fidelis,Outros Assuntos,Não Resolvido,Respeitoso e Cortês,"O atendimento foi encerrado por João Fidelis, que informou que o eleitor poderia entrar em contato novamente se necessário. O eleitor respondeu com 'Olá', indicando que não tinha mais dúvidas.",09:05:05,False,True,1,3602.0
2026092800004,28/09/2026,01:07:28,João Fidelis,Justificativa Eleitoral,Não Resolvido,Respeitoso e Cortês,"O atendimento foi encerrado por João Fidelis, que informou que o eleitor poderia entrar em contato novamente se precisasse de algo. O assunto principal era a justificativa eleitoral, mas não foi resolvido.",07:19:47,False,True,1,3606.0
2026092800009,28/09/2026,06:33:40,Vanessa,Local de Votação / Seção Eleitoral,Resolvido,Atento e Preciso,"O eleitor obteve esclarecimentos sobre a seção de trabalho e a seção de votação, recebendo as informações necessárias para prosseguir.",01:58:59,False,True,9,0.0
2026092800011,28/09/2026,06:41:52,João Fidelis,Outros Assuntos,Não Resolvido,Respeitoso e Cortês,"O atendimento foi encerrado por falta de interação, sem resolução de dúvidas específicas.",02:25:25,False,True,1,3614.0
2026092800014,28/09/2026,06:55:04,João Fidelis,Outros Assuntos,Não Resolvido,Respeitoso e Cortês,"O atendimento foi encerrado por falta de interação, sem resolução de dúvidas específicas. O eleitor solicitou a chave PIX para receber valores, mas não foi possível atender a solicitação devido à falta de interação.",00:33:02,False,True,1,0.0
2026092800017,28/09/2026,07:00:17,João Fidelis,Treinamento / Convocação de Mesário,Resolvido,Respeitoso e Cortês,O operador esclareceu dúvidas do eleitor sobre a emissão de certidão para declaração de folgas de treinamento de mesário e reiterou os direitos legais. O atendimento foi encerrado com um convite para futuras interações.,01:28:07,False,True,2,3606.0
2026092800117,28/09/2026,07:08:43,João Fidelis,Situação Eleitoral / Título Cancelado ou Regular,Não Resolvido,Atendimento Completo,"O eleitor informou que não conseguia acessar seu E-Título devido a inconsistências nos dados cadastrados. O operador solicitou que ele copiasse e cole as informações para atualização, mas o atendimento não resolveu o problema, permanecendo em aberto.",01:21:18,False,True,6,3605.0
2026092800119,28/09/2026,07:11:26,João Fidelis,Outros Assuntos,Resolvido,Respeitoso e Cortês,O eleitor solicitou informações sobre como cadastrar a chave Pix em seu banco. O operador explicou a procedência e encerrou o atendimento.,00:12:43,False,True,6,0.0
2026092800122,28/09/2026,07:20:35,João Fidelis,Outros Assuntos,Não Resolvido,Respeitoso e Cortês,O atendimento foi encerrado por João Fidelis após o eleitor não fazer mais perguntas. O atendimento foi respeitoso e cortês.,01:15:51,False,True,2,3605.0
2026092800123,28/09/2026,07:21:57,João Fidelis,Multa / Quitação Eleitoral / Certidões,Resolvido,Respeitoso e Cortês,"O eleitor teve sua situação de multa resolvida e foi informado que estava apto a votar, sem problemas de regularização do título.",00:22:23,True,True,6,1.0
2026092800127,28/09/2026,07:28:37,João Fidelis,Outros Assuntos,Não Resolvido,Respeitoso e Cortês,"O atendimento foi encerrado por falta de interação, sem resolução de dúvidas específicas. O eleitor foi informado para enviar um 'olá' caso precise de algo.",01:31:13,False,True,2,3605.0
2026092800135,28/09/2026,07:49:46,João Fidelis,Outros Assuntos,Não Resolvido,Respeitoso e Cortês,"O atendimento foi encerrado por falta de interação, sem resolução de dúvidas específicas. O eleitor foi informado para enviar 'olá' caso precise de algo.",01:21:29,False,True,1,3605.0
2026092800136,28/09/2026,07:50:01,João Fidelis,Local de Votação / Seção Eleitoral,Não Resolvido,Respeitoso e Cortês,"O eleitor solicitou informações sobre a organização de folgas para ser mesário no dia da eleição. O operador informou que a justiça eleitoral fornece apenas a certidão de dias trabalhados a serviço da justiça, sem intervir na organização de folgas. O atendimento foi encerrado.",00:45:36,False,True,3,0.0
2026092800137,28/09/2026,07:52:47,João Fidelis,Treinamento / Convocação de Mesário,Resolvido,Respeitoso e Cortês,O eleitor solicitou informações sobre o treinamento presencial e o horário de comparecimento para ser mesário. O operador informou que o treinamento pode ser feito online e que o eleitor deve comparecer às 07h. O atendimento foi encerrado com um convite para novas consultas.,00:27:36,False,True,4,0.0
2026092800149,28/09/2026,08:08:38,Vanessa,Outros Assuntos,Resolvido,Respeitoso e Cortês,O eleitor solicitou a convocação de mesária e Vanessa informou que a carta foi enviada em PDF. O eleitor agradeceu e encerrou a conversa.,00:23:20,False,True,5,108.0
2026092800151,28/09/2026,08:10:52,Vanessa,Justificativa Eleitoral,Resolvido,Respeitoso e Cortês,"O eleitor solicitou orientação sobre como justificar sua ausência como mesário devido a dores na coluna. O operador explicou que a decisão final é do juiz da zona, mas indicou que o eleitor pode enviar um e-mail para a zona com documentos comprovando a impossibilidade de comparecimento e requerer dispensa.",01:24:48,False,True,14,3666.0
2026092800152,28/09/2026,08:15:32,João Fidelis,Local de Votação / Seção Eleitoral,Resolvido,Respeitoso e Cortês,"O eleitor solicitou informações sobre seu local de votação e foi orientado a justificar a ausência, encerrando a conversa de forma positiva.",00:08:37,False,True,4,1.0
2026092800155,28/09/2026,08:18:36,João Fidelis,Situação Eleitoral / Título Cancelado ou Regular,Não Resolvido,Respeitoso e Cortês,"O eleitor relatou que sua biometria estava coletada, mas o título eleitoral aparecia como não coletada. O operador sugeriu desinstalar e reinstalar o aplicativo, mas não ofereceu uma solução definitiva.",01:04:36,False,True,2,3605.0
2026092800157,28/09/2026,08:25:33,Silvania Barreto,Outros Assuntos,Resolvido,Respeitoso e Cortês,"O eleitor fez uma pergunta sobre a gratuidade de ônibus nas rodoviárias no dia da votação, que foi esclarecida pelo operador. A eleição foi mencionada para esclarecer a dúvida do eleitor.",01:10:54,False,True,3,3621.0
2026092800158,28/09/2026,08:25:57,Vanessa,Local de Votação / Seção Eleitoral,Resolvido,Respeitoso e Cortês,"O eleitor confirmou os horários de presença e apresentação ao presidente na seção eleitoral, sem solicitar mais informações. O atendimento foi respeitoso e cortês.",01:26:44,False,True,3,3678.0
2026092800160,28/09/2026,08:27:06,Silvania Barreto,Multa / Quitação Eleitoral / Certidões,Resolvido,Respeitoso e Cortês,"O eleitor solicitou esclarecimento sobre a diferença entre a carta de nomeação e a carta de convocação para a função de Presidente de seção. O operador esclareceu que são a mesma documentação, mas com nomenclatura diferente, e o eleitor agradeceu o esclarecimento.",01:19:32,False,True,4,3610.0
2026092800161,28/09/2026,08:27:28,Sem Atendente,Situação Eleitoral / Título Cancelado ou Regular,Não Resolvido,Não Aplicável,"O eleitor solicitou o seu título de eleitor, mas não informou o número do documento e não solicitou impressão do documento. O operador não conseguiu atender a solicitação.",24:05:44,False,False,0,86402.0
2026092800162,28/09/2026,08:27:49,Silvania Barreto,Outros Assuntos,Não Resolvido,Não Respondeu,O atendimento foi interrompido após a eleitor tirar dúvidas sobre ausência de resposta.,01:41:38,False,True,1,1.0
2026092800166,28/09/2026,08:28:33,Márcia Gomes,Situação Eleitoral / Título Cancelado ou Regular,Resolvido,Respeitoso e Cortês,O eleitor solicitou informações sobre sua convocação como mesária e foi informado que não foi convidada para trabalhar este ano. Ele foi encaminhado para verificar no sistema e encerrou a conversa satisfeito.,00:16:02,False,True,5,1.0
2026092800170,28/09/2026,08:31:09,Sem Atendente,Local de Votação / Seção Eleitoral,Não Resolvido,Não Respondeu,"O eleitor solicitou novamente o local e sala de trabalho, mas o operador não respondeu à sua solicitação.",24:19:18,False,False,0,86404.0
2026092800172,28/09/2026,08:33:33,Vanessa,Situação Eleitoral / Título Cancelado ou Regular,Não Resolvido,Respeitoso e Cortês,"O eleitor solicitou auxílio para tirar segunda via do título eleitoral, mas não obteve resposta ou encaminhamento adequado. O operador apenas enviou o título do eleitor e perguntou se havia mais algo em que pudesse ajudar.",00:26:59,True,True,8,0.0
2026092800173,28/09/2026,08:34:42,Anderson Kleiner,Local de Votação / Seção Eleitoral,Resolvido,Respeitoso e Cortês,O eleitor fez uma consulta sobre o horário de comparecimento à seção eleitoral e recebeu orientações detalhadas sobre os preparativos necessários. A consulta foi respondida adequadamente.,01:05:39,False,True,3,0.0
2026092800174,28/09/2026,08:35:16,Vanessa,Multa / Quitação Eleitoral / Certidões,Resolvido,Respeitoso e Cortês,O eleitor pagou sua multa através de um PIX gerado pelo sistema e recebeu confirmação de que ficou quitada após o pagamento.,00:09:14,False,True,6,0.0
2026092800176,28/09/2026,08:35:48,Silvania Barreto,Outros Assuntos,Resolvido,Respeitoso e Cortês,"A consulta do eleitor sobre o vale alimentação foi atendida e os dados pessoais foram confirmados. A consulta sobre o número do título foi encerrada sem solução, pois o eleitor não solicitou mais assistência.",01:27:34,False,True,8,3617.0
2026092800183,28/09/2026,08:39:57,Anderson Kleiner,Multa / Quitação Eleitoral / Certidões,Resolvido,Respeitoso e Cortês,O eleitor teve suas dúvidas sobre o pagamento de auxílio alimentação pelo Pix resolvidas. O operador orientou-o a verificar junto ao banco se o CPF é uma chave Pix e a contatar diretamente o cartório eleitoral caso não seja possível. Ele foi encaminhado para contatos de ligação caso necessário.,02:05:18,False,True,9,3605.0
2026092800186,28/09/2026,08:41:28,Vanessa,Treinamento / Convocação de Mesário,Resolvido,Respeitoso e Cortês,O eleitor solicitou orientação sobre o treinamento de mesário e Vanessa informou que ele deveria preencher um formulário no aplicativo móvel para relatar o problema. Vanessa encaminhou o link para o formulário e encerrou a conversa.,00:17:16,False,True,5,0.0
2026092800189,28/09/2026,08:46:12,Silvania Barreto,Multa / Quitação Eleitoral / Certidões,Não Resolvido,Respeitoso e Cortês,A consulta foi sobre o pagamento do vale-refeição e a chave PIX. O operador informou que o pagamento seria feito no dia e que a chave PIX era o número do CPF. O eleitor não solicitou mais assistência e encerrou a conversa.,00:13:31,False,True,3,1.0
2026092800198,28/09/2026,08:49:43,Vanessa,Local de Votação / Seção Eleitoral,Resolvido,Respeitoso e Cortês,O eleitor solicitou informações sobre a seção eleitoral em Teixeira e foi informado corretamente sobre a seção 0130 da Escola Municipal de Ensino Fundamental Maria Nunes Ferreira. O atendimento foi satisfatório.,00:21:09,False,True,5,0.0
2026092800209,28/09/2026,08:56:29,Marcos Antônio Monteiro Júnior,Local de Votação / Seção Eleitoral,Resolvido,Respeitoso e Cortês,"O eleitor teve suas dúvidas sobre a transferência de local de votação resolvidas. O operador informou o novo local e seção onde o eleitor votará, e também encaminhou o título em PDF para consulta.",09:21:17,True,True,10,0.0
2026092800210,28/09/2026,08:56:47,Vanessa,Local de Votação / Seção Eleitoral,Resolvido,Atento e Preparado,O eleitor solicitou informações sobre mudanças de seção de votação em uma escola específica. O operador confirmou que não havia mudanças e orientou o eleitor a continuar votando na mesma seção. O atendimento foi encerrado após esclarecer a dúvida.,01:17:24,False,True,8,3623.0
2026092800217,28/09/2026,09:00:34,Silvania Barreto,Situação Eleitoral / Título Cancelado ou Regular,Não Resolvido,Atendimento Informativo,"A consulta do eleitor sobre a regularização do cadastro eleitoral foi encaminhada ao cartório eleitoral, mas não houve uma solução definitiva para a regularização imediata.",01:07:30,False,True,3,3610.0
2026092800218,28/09/2026,09:00:51,Silvania Barreto,Situação Eleitoral / Título Cancelado ou Regular,Resolvido,Respeitoso e Cortês,O eleitor teve suas dúvidas sobre o título de eleitor cancelado e o processo de regularização esclarecidas. Foi orientado a procurar um cartório eleitoral para regularizar o título e realizar a biometria quando retornar ao Brasil.,01:34:01,False,True,20,3612.0
2026092800223,28/09/2026,09:05:35,Valéria,Local de Votação / Seção Eleitoral,Resolvido,Respeitoso e Cortês,O eleitor fez uma consulta sobre a data de votação e foi informado que estava apto a votar no dia 4. O atendimento foi respeitoso e cortês.,00:39:23,True,True,3,0.0
2026092800224,28/09/2026,09:05:43,Silvania Barreto,Local de Votação / Seção Eleitoral,Resolvido,Respeitoso e Cortês,O eleitor solicitou a lista de seções de votação e foi informado que as listas estão disponíveis nos cartórios. A conversa foi respeitosamente encerrada.,00:19:40,False,True,2,0.0
2026092800225,28/09/2026,09:06:04,Vanessa,Outros Assuntos,Resolvido,Atendimento Completo,"A eleitora solicitou orientação sobre como obter a carta de convocação para ser mesária. Vanessa, a operadora, confirmou sua convocação e enviou a carta para o CPF da eleitora.",00:48:59,False,True,8,0.0
2026092800229,28/09/2026,09:09:25,Valéria,Justificativa Eleitoral,Resolvido,Respeitoso e Cortês,O eleitor perdeu o prazo para transferência do título eleitoral e foi orientado a justificar sua ausência do domicílio eleitoral. O atendimento encerrou com a informação de que o eleitor já possuía o e-título e que poderia justificar em casa ou em qualquer seção eleitoral.,01:07:22,False,True,5,3632.0
2026092800230,28/09/2026,09:09:47,Sem Atendente,Outros Assuntos,Não Resolvido,Não Aplicável,"O eleitor iniciou uma conversa sem fornecer detalhes sobre o assunto específico, apenas iniciando uma consulta. O operador não respondeu ou esclareceu o que o eleitor estava perguntando.",00:02:01,False,False,0,1.0
2026092800231,28/09/2026,09:10:16,Charles,Situação Eleitoral / Título Cancelado ou Regular,Resolvido,Atento e Preciso,O operador informou que o título do eleitor estava cancelado devido a falta em duas eleições anteriores e não justificada. Ele orientou sobre a regularização do título e encaminhou o boleto para pagamento de multa. O atendimento foi eficaz e o eleitor confirmou o pagamento.,01:50:22,True,True,25,1.0
2026092800234,28/09/2026,09:12:02,Vanessa,Erro no Processamento,Indeterminado,Indeterminado,Não foi possível analisar este protocolo.,00:09:13,False,True,9,1.0
2026092800236,28/09/2026,09:13:14,Márcia Gomes,Erro no Processamento,Indeterminado,Indeterminado,Não foi possível analisar este protocolo.,02:07:26,False,True,15,0.0
2026092800245,28/09/2026,09:23:51,Vanessa,Outros Assuntos,Resolvido,Respeitoso e Cortês,O eleitor solicitou um documento em PDF da convocação e recebeu o arquivo via link. O atendimento foi respeitoso e o eleitor deu nota 5.,01:49:01,False,True,7,3601.0
2026092800255,28/09/2026,09:32:01,Sem Atendente,Outros Assuntos,Não Resolvido,Não Aplicável,O eleitor iniciou uma conversa sem fornecer detalhes sobre sua dúvida ou solicitação. Não foi possível determinar o assunto principal ou a qualidade do atendimento sem mais informações.,00:08:43,False,False,0,0.0
2026092800260,28/09/2026,09:34:40,André Gomes,Justificativa Eleitoral,Resolvido,Respeitoso e Cortês,"O eleitor fez várias perguntas sobre direitos eleitorais, incluindo o número de dias de folga e a organização de filas de votação. O operador esclareceu sobre os direitos legais e orientou sobre a organização das filas, garantindo que o eleitor entendesse as orientações mais adequadas para o local de votação.",01:55:02,False,True,8,1.0
2026092800266,28/09/2026,09:38:59,Márcia Gomes,Local de Votação / Seção Eleitoral,Resolvido,Respeitoso e Cortês,O eleitor solicitou a seção onde trabalhará e foi informado que a seção 0373 é sua seção de trabalho.,00:09:00,False,True,6,0.0
2026092800268,28/09/2026,09:41:02,Silvania Barreto,Treinamento / Convocação de Mesário,Resolvido,Atento e Preparado,"O eleitor conseguiu obter orientações sobre como realizar o treinamento de mesário voluntário pelo aplicativo móvel, mesmo com problemas no site de inscrição. O operador encerrou o atendimento após confirmar a possibilidade de realizar o treinamento pelo aplicativo.",00:38:59,False,True,8,1.0
2026092800269,28/09/2026,09:42:04,Vanessa,Situação Eleitoral / Título Cancelado ou Regular,Resolvido,Respeitoso e Cortês,O eleitor solicitou informações sobre como tirar a segunda via do título eleitoral após perder o documento original. O operador forneceu as instruções para realizar a emissão online no site do TSE.,00:10:51,False,True,5,0.0
2026092800270,28/09/2026,09:43:28,Roberto Cezar,Situação Eleitoral / Título Cancelado ou Regular,Resolvido,Respeitoso e Cortês,"O eleitor teve dúvidas sobre o cadastro de seu título de eleitor e foi informado sobre a necessidade de realizar um novo cadastro, já que não havia registro de sua primeira inscrição. O operador confirmou que a consulta não encontrou registro de sua inscrição anterior.",00:11:50,False,True,7,0.0
2026092800271,28/09/2026,09:44:16,Elci Junior,Justificativa Eleitoral,Não Resolvido,Respeitoso e Cortês,"O eleitor estava em dúvida sobre a quantidade de dias de folga concedida pelo servidor público em relação à certidão de folga da prefeitura. O operador esclareceu que, se não houve mudança na lei municipal, os servidores continuariam com 5 dias de folga, conforme a certidão. O eleitor agradeceu e encerrou a conversa.",01:38:07,False,True,5,3601.0
2026092800272,28/09/2026,09:45:25,Elci Junior,Situação Eleitoral / Título Cancelado ou Regular,Não Resolvido,Atento e Paciente,"O eleitor estava tentando acessar o aplicativo E-Título para baixar seu título eleitoral, mas estava enfrentando dificuldades. O operador tentou ajudar, mas não conseguiu resolver o problema devido à falta de comunicação eficaz.",01:24:48,True,True,14,0.0
2026092800274,28/09/2026,09:46:54,Marcos Antônio Monteiro Júnior,Multa / Quitação Eleitoral / Certidões,Resolvido,Respeitoso e Cortês,"A mesária solicitou esclarecimentos sobre o pagamento de auxílio e a obtenção de certidão. O operador informou que ela receberia o auxílio no dia da eleição, após regularização bancária, e encerrou o atendimento.",00:23:46,False,True,5,1.0
2026092800284,28/09/2026,09:50:11,Elci Junior,Situação Eleitoral / Título Cancelado ou Regular,Resolvido,Respeitoso e Cortês,O eleitor fez uma consulta sobre a validade da biometria e foi informado que deveria ser coletada em um cartório eleitoral a partir de 3 de novembro. Ele foi encorajado a entrar em contato se precisasse de mais alguma coisa.,00:07:00,False,True,3,0.0
2026092800285,28/09/2026,09:50:45,Roberto Cezar,Situação Eleitoral / Título Cancelado ou Regular,Não Resolvido,Atento e Informativo,"O eleitor informou que não conseguiu acessar o e-Título devido a problemas de validação de dados biográficos. O operador orientou-o a buscar a cópia do título eleitoral e informou sobre a instabilidade na plataforma do E-Título, mas não encontrou uma solução para o problema de perda de identidade e carteira de trabalho digital.",01:35:22,False,True,3,4623.0
2026092800286,28/09/2026,09:51:09,Charles,Multa / Quitação Eleitoral / Certidões,Resolvido,Respeitoso e Cortês,O eleitor teve seu débito eleitoral quitado e recebeu orientações sobre como votar normalmente após a quitação.,00:39:19,False,True,25,0.0
2026092800287,28/09/2026,09:51:24,André Gomes,Outros Assuntos,Resolvido,Atento e Preparado,O eleitor teve dúvidas sobre a convocação para trabalhar na eleição e recebeu orientações para atualizar seu número de telefone e entrar em contato com a 28ª Zona de Patos para resolver o problema.,00:47:21,False,True,7,0.0
2026092800288,28/09/2026,09:52:05,Elci Junior,Outros Assuntos,Resolvido,Respeitoso e Cortês,O eleitor teve suas dúvidas sobre o direito de gozar folgas de mesária resolvidas pelo operador. O operador explicou a situação conforme a Resolução TSE nº 22747/2008 e encaminhou o caso para o encerramento.,01:44:10,False,True,4,3603.0
2026092800295,28/09/2026,09:59:26,Roberto Cezar,Outros Assuntos,Resolvido,Atencioso,A eleitora informou que foi dispensada para trabalhar nas eleições e não teve mais dúvidas. O operador confirmou a informação e encerrou o atendimento.,01:26:33,False,True,4,4113.0
2026092800311,28/09/2026,10:11:28,André Gomes,Local de Votação / Seção Eleitoral,Resolvido,Respeitoso e Cortês,O eleitor solicitou a relação das sessões e locais de votação em sua cidade. O operador enviou um arquivo contendo essa informação e encerrou a conversa.,02:00:34,False,True,4,3638.0
2026092800313,28/09/2026,10:12:51,Charles,Outros Assuntos,Resolvido,Respeitoso e Cortês,"O eleitor fez várias perguntas sobre vale alimentação e folga durante as eleições, e o operador Charles respondeu a todas as dúvidas, encaminhando a chave PIX para o CPF do eleitor. O atendimento foi considerado satisfatório.",01:22:10,False,True,9,3606.0
2026092800318,28/09/2026,10:15:53,Márcia Gomes,Justificativa Eleitoral,Não Resolvido,Respeitoso e Cortês,"O eleitor solicitou informações sobre a dispensa de trabalho eleitoral e a regularização de ausência, mas a operadora apenas confirmou os detalhes da dispensa e não esclareceu sobre a regularização de ausência.",02:29:39,False,True,7,3610.0
2026092800323,28/09/2026,10:26:28,Vanessa,Multa / Quitação Eleitoral / Certidões,Não Resolvido,Incompleto,"O eleitor solicitou informações sobre o pagamento de uma multa, mas não recebeu resposta adequada. O operador apenas confirmou que o pagamento seria feito no dia da eleição e não esclareceu como efetuar o pagamento por PIX.",01:16:02,False,True,8,3866.0
2026092800324,28/09/2026,10:26:44,Valéria,Local de Votação / Seção Eleitoral,Não Resolvido,Respeitoso e Cortês,"O eleitor solicitou informações sobre o malote para a seção eleitoral onde trabalharia, mas a operadora não conseguiu fornecer as informações solicitadas devido à falta de detalhes sobre a seção eleitoral específica. O atendimento foi respeitoso e cortês.",00:07:12,False,True,3,1.0
2026092800326,28/09/2026,10:27:38,Valéria,Justificativa Eleitoral,Não Resolvido,Atento e Preocupado,"O eleitor solicitou orientação sobre como regularizar sua situação de atuação como Secretária na eleição, mas não obteve resposta efetiva do operador. O operador sugeriu novas ações, mas não conseguiu garantir que o problema fosse resolvido.",01:27:10,False,True,15,3810.0
2026092800329,28/09/2026,10:30:07,Valéria,Outros Assuntos,Não Resolvido,Atendimento Incompleto,A consulta foi sobre a zona eleitoral e o operador forneceu o telefone do cartório. O eleitor não solicitou assistência adicional.,05:37:06,False,True,4,5575.0
2026092800333,28/09/2026,10:31:05,Charles,Situação Eleitoral / Título Cancelado ou Regular,Resolvido,Respeitoso e Cortês,O eleitor informou que não conseguia acessar seu título eleitoral devido a um erro de nome nos registros. O operador Charles informou que o nome de sua mãe estava incorreto e encaminhou a correção para o próximo período de alterações em novembro. O eleitor agradeceu e encerrou a conversa.,01:15:53,False,True,12,3607.0
2026092800334,28/09/2026,10:32:10,Valéria,Local de Votação / Seção Eleitoral,Resolvido,Respeitoso e Cortês,O eleitor fez uma consulta sobre a convocação para ser mesário e recebeu orientações sobre como informar a zona que o convocou e como se comunicar para resolver a questão.,01:23:25,False,True,6,3602.0
2026092800336,28/09/2026,10:32:40,Sem Atendente,Outros Assuntos,Não Resolvido,Não Aplicável,"O operador não respondeu à dúvida do eleitor sobre o treinamento presencial de mesário voluntário, apenas confirmou a informação do CPF e solicitou mais dados.",00:06:45,False,False,0,0.0
2026092800337,28/09/2026,10:33:38,Charles,Outros Assuntos,Resolvido,Respeitoso e Cortês,"O eleitor solicitou a verificação e download da carta de convocação de mesário. O operador indicou o caminho no site do TSE e confirmou que a situação foi resolvida, encerrando o atendimento.",00:15:16,False,True,4,0.0
2026092800338,28/09/2026,10:33:55,Roberto Cezar,Situação Eleitoral / Título Cancelado ou Regular,Não Resolvido,Atento e Informado,"O eleitor informou que seu título estava suspenso e não podia votar. O operador solicitou o CPF para verificar a situação, mas não conseguiu resolver a questão devido à suspenção do título.",00:21:39,True,True,4,1.0
2026092800341,28/09/2026,10:35:58,Charles,Local de Votação / Seção Eleitoral,Resolvido,Respeitoso e Cortês,O eleitor solicitou a localização da seção eleitoral e foi informado corretamente. O atendimento foi encerrado após a entrega da informação solicitada.,00:17:57,False,True,7,0.0
2026092800342,28/09/2026,10:38:07,Vanessa,Treinamento / Convocação de Mesário,Resolvido,Atendimento Completo,O eleitor foi orientado a realizar o treinamento de mesário voluntário pelo aplicativo móvel e recebeu um link para o Google Play. O atendimento foi encerrado após a solução do problema.,02:20:29,False,True,9,3632.0
2026092800343,28/09/2026,10:39:32,Sem Atendente,Outros Assuntos,Não Resolvido,Não Aplicável,"O operador não respondeu à dúvida do eleitor sobre o assunto específico, limitando-se a confirmar o CPF e a seção eleitoral.",01:03:16,False,False,0,3688.0
2026092800345,28/09/2026,10:40:27,Silvania Barreto,Treinamento / Convocação de Mesário,Resolvido,Respeitoso e Cortês,O eleitor fez o treinamento on-line e solicitou informações sobre se havia mais treinamento necessário. A operadora Silvania Barreto confirmou que o treinamento já havia sido realizado e encerrou a conversa.,01:24:09,False,True,3,3608.0
2026092800348,28/09/2026,10:41:10,Roberto Cezar,Situação Eleitoral / Título Cancelado ou Regular,Não Resolvido,Não Respondeu,"O eleitor solicitou orientação sobre como substituir sua foto no app E-titulo, mas o operador não respondeu à pergunta.",00:40:08,False,True,1,0.0
2026092800350,28/09/2026,10:41:21,João Fidelis,Local de Votação / Seção Eleitoral,Resolvido,Respeitoso e Cortês,O eleitor solicitou informações sobre a seção eleitoral e foi orientado a consultar a carta de convocação no site do TSE para obter essa informação.,02:30:42,False,True,9,4003.0
2026092800354,28/09/2026,10:42:59,André Gomes,Local de Votação / Seção Eleitoral,Resolvido,Respeitoso e Cortês,"O eleitor teve suas dúvidas sobre a atualização de sua zona eleitoral esclarecidas. O operador informou que a zona 15 foi extinta e os municípios transferidos para a zona 47, sem a necessidade de atualização no documento do eleitor.",00:45:10,False,True,7,1.0
2026092800359,28/09/2026,10:45:59,Charles,Outros Assuntos,Não Resolvido,Não Respeitoso,"A conversa foi interrompida devido à inatividade do eleitor, sem que pudesse ser resolvida nenhuma dúvida específica.",02:54:16,False,True,3,3672.0
2026092800362,28/09/2026,10:47:17,Márcia Gomes,Outros Assuntos,Não Resolvido,Atendimento Incompleto,O eleitor solicitou informações sobre a dispensa de trabalho para as eleições e não obteve resposta. O operador apenas ofereceu os telefones da Zona Eleitoral para contato e encerrou o atendimento sem resolver a questão da dispensa.,01:34:55,False,True,7,3607.0
2026092800369,28/09/2026,10:51:10,Valéria,Situação Eleitoral / Título Cancelado ou Regular,Não Resolvido,Respeitoso e Cortês,"O eleitor solicitou atualizar seu título com biometria, mas o atendente informou que o cadastro estava fechado para as eleições e só poderia ser feito em novembro após as eleições.",04:26:19,False,True,4,15512.0
2026092800401,28/09/2026,10:52:40,Charles,Situação Eleitoral / Título Cancelado ou Regular,Resolvido,Respeitoso e Cortês,O eleitor teve problemas para acessar o e-titulo devido a um erro no nome da sua mãe no cadastro de eleitores. O operador orientou a digitar o nome corretamente e encaminhou a solicitação de correção para o autoatendimento em novembro.,01:09:55,False,True,7,3649.0
2026092800405,28/09/2026,10:55:41,Valéria,Local de Votação / Seção Eleitoral,Resolvido,Atencioso,O eleitor solicitou a data da eleição no 2° turno e recebeu a informação correta. O atendimento foi atencioso e o eleitor agradeceu.,04:21:57,False,True,2,15539.0
2026092800407,28/09/2026,10:56:50,João Fidelis,Local de Votação / Seção Eleitoral,Resolvido,Atento e Clarificando,"O eleitor solicitou informações sobre onde votar devido a um pedido de trânsito de título. O operador informou que ele poderia votar em uma seção temporária no próximo pleito de presidente da república, fornecendo detalhes sobre a seção e local de votação.",01:03:01,True,True,4,0.0
2026092800409,28/09/2026,10:57:47,Silvania Barreto,Situação Eleitoral / Título Cancelado ou Regular,Resolvido,Respeitoso e Cortês,O eleitor teve seu título de eleitor corrigido após a correção de nomes invertidos no cadastro. O operador orientou a tentar novamente após a reabertura do cadastro.,00:46:07,False,True,12,0.0
2026092800414,28/09/2026,11:02:05,André Gomes,Situação Eleitoral / Título Cancelado ou Regular,Resolvido,Atento e Preciso,O eleitor conseguiu regularizar seu título de eleitor após corrigir um erro de nome na cadastro. O operador atendeu adequadamente às dúvidas do eleitor e encerrou o atendimento.,00:26:57,False,True,8,1.0
2026092800421,28/09/2026,11:11:02,Charles,Outros Assuntos,Resolvido,Respeitoso e Cortês,O eleitor solicitou esclarecimento sobre a função de auxiliar de divulgação e foi orientado a entrar em contato com o chefe do cartório da UFPB por um dos números fornecidos. O atendimento foi respeitoso e cortês.,00:59:45,False,True,6,1.0
2026092800423,28/09/2026,11:11:25,Valéria,Local de Votação / Seção Eleitoral,Resolvido,Respeitoso e Cortês,"O eleitor confirmou que trabalha no Judiciário e solicitou informações sobre a entrega de declarações/certidões. O operador informou que o juiz entregará uma declaração após as eleições, encerrando a consulta.",04:17:05,False,True,9,0.0
2026092800427,28/09/2026,11:13:59,Vanessa,Multa / Quitação Eleitoral / Certidões,Resolvido,Respeitoso e Cortês,O eleitor fez uma consulta sobre o impacto de não comparecer ao dia da eleição e recebeu informações sobre a possibilidade de multa de 50% do salário mínimo. O atendimento foi respeitoso e o eleitor encerrou a conversa satisfeito.,00:29:30,False,True,7,0.0
2026092800431,28/09/2026,11:18:15,Charles,Justificativa Eleitoral,Resolvido,Atento e Preciso,O eleitor conseguiu resolver o problema de inválidação do e-título e recebeu orientações para realizar a correção dos dados no cadastro de forma a ser aceita pela internet.,00:51:04,False,True,13,1.0
2026092800432,28/09/2026,11:20:47,Márcia Gomes,Local de Votação / Seção Eleitoral,Resolvido,Respeitoso e Cortês,O eleitor solicitou informações sobre a carta de direito a folga para participar de um treinamento de mesário. O operador informou que a certidão poderia ser acessada no sistema após a eleição ou solicitada ao cartório caso necessário.,01:25:53,False,True,4,3605.0
2026092800438,28/09/2026,11:22:30,André Gomes,Situação Eleitoral / Título Cancelado ou Regular,Resolvido,Respeitoso e Cortês,O eleitor teve um erro no mome da mãe resolvido e foi orientado sobre a possibilidade de votar com um documento de identidade com foto. O atendimento foi considerado satisfatório.,00:09:25,True,True,5,1.0
2026092800441,28/09/2026,11:24:04,Marcos Antônio Monteiro Júnior,Situação Eleitoral / Título Cancelado ou Regular,Resolvido,Respeitoso e Cortês,O eleitor fez uma consulta sobre a dispensa da assinatura manual devido a Parkinson e foi informado que a biometria está em ordem. O atendimento foi encerrado com agradecimento.,00:11:12,False,True,5,0.0
2026092800442,28/09/2026,11:24:47,Vanessa,Situação Eleitoral / Título Cancelado ou Regular,Resolvido,Respeitoso e Cortês,"A eleitora informou que não tinha biometria coletada e recebeu a certidão de quituação. Vanessa orientou a eleitora a baixar o e-título com as informações contidas na certidão, e encerrou o atendimento.",00:20:20,False,True,10,0.0
2026092800476,28/09/2026,11:40:44,Vanessa,Multa / Quitação Eleitoral / Certidões,Resolvido,Atento e Preparado,O eleitor conseguiu obter uma cópia de seu título de eleitor para uso em sua solicitação de renovação do Bolsa Família.,02:46:19,False,True,9,8546.0
2026092800493,28/09/2026,11:55:06,João Fidelis,Situação Eleitoral / Título Cancelado ou Regular,Resolvido,Respeitoso e Cortês,"O eleitor teve seu e-título validado após fornecer os dados solicitados pelo operador. O operador confirmou os dados e respondeu à dúvida sobre a grafia do nome do pai, garantindo que a digitação não afetaria o sistema.",01:03:44,False,True,5,1.0
2026092800496,28/09/2026,11:57:59,Marcos Antônio Monteiro Júnior,Situação Eleitoral / Título Cancelado ou Regular,Resolvido,Respeitoso e Cortês,O eleitor teve seu título cancelado devido a falta de votação consecutiva e foi orientado a regularizá-lo presencialmente ou virtualmente em um Cartório Eleitoral da Paraíba.,00:23:47,False,True,8,0.0
2026092800497,28/09/2026,11:58:13,André Gomes,Treinamento / Convocação de Mesário,Resolvido,Respeitoso e Cortês,O eleitor solicitou a declaração para apresentar na empresa como prova de convocação para trabalhar no domingo. O operador informou que a carta de convocação do TSE é uma declaração que comprova a convocação e foi enviada para o eleitor.,01:41:01,False,True,3,3727.0
2026092800504,28/09/2026,12:07:23,João Fidelis,Multa / Quitação Eleitoral / Certidões,Resolvido,Respeitoso e Cortês,O eleitor solicitou informações sobre a situação das multas do seu título eleitoral e foi informado que já consta como pago. O atendimento foi respeitoso e cortês.,01:35:14,False,True,3,3623.0
2026092800508,28/09/2026,12:11:35,Roberto Cezar,Outros Assuntos,Não Resolvido,Respeitoso e Cortês,"A consulta foi encaminhada para a Zona Eleitoral de Agua Branca, mas o atendimento não conseguiu ativar a transferência de chamada. O eleitor foi informado sobre os contatos da Zona Eleitoral e encerrou a chamada.",01:13:28,False,True,7,0.0
2026092800512,28/09/2026,12:18:29,Marcos Antônio Monteiro Júnior,Outros Assuntos,Resolvido,Respeitoso e Cortês,O eleitor reiterou seu desejo de trabalhar como mesário nas eleições e recebeu orientações sobre a possibilidade de ser convocado. O atendimento foi respeitoso e o eleitor encerrou satisfeito.,00:15:09,False,True,10,1.0
2026092800513,28/09/2026,12:18:58,André Gomes,Multa / Quitação Eleitoral / Certidões,Não Resolvido,Respeitoso e Cortês,O eleitor teve dúvidas sobre sua dispensa de serviço eleitoral e sobre a transferência de seu título eleitoral. O operador informou sobre a dispensa e sugeriu que o eleitor entre em contato com a 3ª Zona Eleitoral para esclarecimentos adicionais.,03:38:38,False,True,36,1.0
2026092800517,28/09/2026,12:21:13,André Gomes,Treinamento / Convocação de Mesário,Resolvido,Atento e Clarificador,O eleitor teve suas dúvidas sobre o treinamento de mesário resolvidas. Ele foi informado sobre a compensação de horas de trabalho por meio do treinamento presencial pelo aplicativo.,00:14:25,False,True,6,0.0
2026092800519,28/09/2026,12:22:34,Roberto Cezar,Outros Assuntos,Resolvido,Respeitoso e Cortês,"O eleitor solicitou informações sobre folgas durante as eleições e sobre o treinamento no celular. O operador informou sobre o número de folgas, a responsabilidade do cartório eleitoral para certificar a folga, e encaminhou um guia do eleitor com outras informações úteis.",00:15:36,False,True,7,0.0
2026092800520,28/09/2026,12:25:48,Roberto Cezar,Multa / Quitação Eleitoral / Certidões,Resolvido,Respeitoso e Cortês,"O eleitor solicitou emitir sua certidão de quitação e não conseguiu. O operador forneceu o arquivo da certidão e encerrou a conversa, considerando que o problema foi resolvido.",00:05:28,False,True,5,0.0
2026092800521,28/09/2026,12:27:11,Roberto Cezar,Local de Votação / Seção Eleitoral,Resolvido,Respeitoso e Cortês,O eleitor solicitou informações sobre a retirada do malote para a eleição como presidente de sessão. O operador informou que deveria contatar o Cartório que o convocou e encerrou a conversa.,01:06:23,False,True,4,3606.0
2026092800525,28/09/2026,12:28:36,Roberto Cezar,Local de Votação / Seção Eleitoral,Não Resolvido,Não Respeitoso,"O eleitor solicitou informações sobre se ele seria dispensado de um plantão noturno que antecede a eleição, mas o operador não respondeu adequadamente e apenas encaminhou um documento. O eleitor não ficou satisfeito com a resposta.",00:13:02,False,True,3,0.0
2026092800536,28/09/2026,12:36:50,João Fidelis,Outros Assuntos,Não Resolvido,Atento e Respeitoso,"O eleitor solicitou orientação sobre alterações no app E-titulo, mas o operador apenas informou que alterações somente após o segundo turno e ofereceu auxílio em outros assuntos.",01:08:22,False,True,1,3641.0
2026092800538,28/09/2026,12:37:18,André Gomes,Situação Eleitoral / Título Cancelado ou Regular,Resolvido,Respeitoso e Cortês,O eleitor solicitou a validação do e-título de um amigo. O operador solicitou dados pessoais para verificar possíveis divergências. O eleitor informou que já havia resolvido o problema e não precisava de mais assistência.,03:21:25,True,True,5,0.0
2026092800548,28/09/2026,12:45:03,Roberto Cezar,Local de Votação / Seção Eleitoral,Não Resolvido,Respeitoso e Cortês,"O eleitor solicitou mudar sua função de mesário para secretário, mas foi informado que essa mudança é exclusiva do Cartório Eleitoral. O operador não conseguiu resolver a questão e o eleitor encerrou a conversa insatisfeito.",00:25:14,False,True,5,0.0
2026092800552,28/09/2026,12:47:13,João Fidelis,Outros Assuntos,Não Resolvido,Respeitoso e Cortês,"O eleitor solicitou informações sobre como realizar a comunicação de realização de carreata. O operador informou que a solicitação deve ser feita por meio de partido, candidato, coligação ou federação. O atendimento foi encerrado sem resolver a dúvida do eleitor.",01:16:41,False,True,4,3616.0
2026092800564,28/09/2026,12:50:24,Marcos Antônio Monteiro Júnior,Outros Assuntos,Resolvido,Respeitoso e Cortês,A consulta foi resolvida rapidamente sobre a permissão de atuar como mesária com cabelo vermelho pintado. O eleitor agradeceu e encerrou a conversa.,00:27:09,False,True,3,1.0
2026092800568,28/09/2026,12:51:00,André Gomes,Situação Eleitoral / Título Cancelado ou Regular,Resolvido,Respeitoso e Cortês,O eleitor teve suas dúvidas esclarecidas sobre a validação do e-título e foi informado de que essa validação não é obrigatória. O operador forneceu um link para mais informações e encerrou o atendimento.,00:23:42,False,True,12,0.0
2026092800584,28/09/2026,13:02:05,Roberto Cezar,Multa / Quitação Eleitoral / Certidões,Resolvido,Respeitoso e Cortês,O eleitor conseguiu confirmar que poderia votar normalmente após pagar a multa. O operador forneceu a guia de pagamento e orientou sobre a possibilidade de gerar uma certidão sem pendências após o pagamento.,00:15:51,False,True,4,1.0
2026092800588,28/09/2026,13:04:44,Marcos Antônio Monteiro Júnior,Local de Votação / Seção Eleitoral,Resolvido,Respeitoso e Cortês,O eleitor solicitou informações sobre os locais de votação em uma cidade específica e recebeu uma lista completa de seções eleitorais. O atendimento foi encerrado com agradecimento.,00:23:05,False,True,13,0.0
2026092800592,28/09/2026,13:07:40,Roberto Cezar,Situação Eleitoral / Título Cancelado ou Regular,Resolvido,Respeitoso e Cortês,"O eleitor teve suas dúvidas sobre o cadastro de nomes de pais e mãe resolvidas e foi informado que não é necessário o uso do aplicativo e-titulo para votar, basta comparecer à seção de votação com um documento oficial com foto.",01:10:06,False,True,3,3605.0
2026092800597,28/09/2026,13:18:11,João Fidelis,Multa / Quitação Eleitoral / Certidões,Resolvido,Respeitoso e Cortês,O eleitor solicitou informações sobre o tempo de espera para emitir uma certidão sem pendências após pagar uma multa de ausência. O operador informou que a compensação por boleto leva até 3 dias úteis e por pix no mesmo dia. O eleitor entendeu e agradeceu.,01:08:23,False,True,2,3608.0
2026092800603,28/09/2026,13:22:38,João Fidelis,Situação Eleitoral / Título Cancelado ou Regular,Resolvido,Respeitoso e Cortês,O eleitor teve dificuldades para acessar seu e-Título devido a divergência nos dados fornecidos. O operador orientou-o sobre a necessidade de alterar os dados e informou sobre a possibilidade de realizar a alteração online no autoatendimento ao eleitor.,00:14:05,False,True,9,0.0
2026092800605,28/09/2026,13:24:35,João Fidelis,Situação Eleitoral / Título Cancelado ou Regular,Resolvido,Respeitoso e Cortês,"O eleitor fez uma consulta sobre irregularidades em seu título de eleitor e foi informado sobre a ausência em três votações. O operador orientou sobre a forma de regularizar o título e sobre as multas aplicadas, encerrando o atendimento com a agradecimento do eleitor.",00:17:58,False,True,10,0.0
2026092800608,28/09/2026,13:26:08,Vanessa,Outros Assuntos,Resolvido,Respeitoso e Cortês,Vanessa solicitou orientações sobre como encaminhar um atestado devido a uma lesão no pé. O operador forneceu as informações necessárias e encerrou o atendimento.,01:06:50,False,True,7,3674.0
2026092800611,28/09/2026,13:27:05,João Fidelis,Local de Votação / Seção Eleitoral,Não Resolvido,Respeitoso e Cortês,O eleitor solicitou esclarecimento sobre a relação entre folga eleitoral e seu regime de trabalho (24 horas). O operador informou que a assessoria jurídica do seu trabalho seria a fonte para obter essa informação e encerrou o atendimento.,00:06:52,False,True,7,1.0
2026092800616,28/09/2026,13:30:58,Vanessa,Local de Votação / Seção Eleitoral,Resolvido,Respeitoso e Cortês,O eleitor solicitou informações sobre o local de votação e seção para o Miami Dade College - Kendall Campus. O operador forneceu as informações solicitadas e encerrou o atendimento.,03:57:49,False,True,19,3619.0
2026092800617,28/09/2026,13:33:30,Vanessa,Justificativa Eleitoral,Resolvido,Atento e Preciso,A eleitora solicitou orientação sobre como justificar sua ausência devido a um acidente de moto. Foi informada sobre o processo de requerimento de dispensa e encaminhamento para a zona eleitoral. Ela confirmou que não precisava de mais assistência.,00:17:07,False,True,7,1.0
2026092800620,28/09/2026,13:36:13,Márcia Gomes,Situação Eleitoral / Título Cancelado ou Regular,Resolvido,Respeitoso e Informativo,O eleitor teve seu título eleitoral corrigido após informar que o nome do pai estava incorreto. O operador explicou que a correção só seria possível a partir de novembro e orientou sobre como fazer a correção no site do TRE-PB.,00:16:24,False,True,13,0.0
2026092800627,28/09/2026,13:49:17,Márcia Gomes,Treinamento / Convocação de Mesário,Resolvido,Respeitoso e Cortês,"O eleitor solicitou informações sobre o treinamento de mesário e a convocação para o treinamento. O operador orientou-o a verificar a situação no site do TSE e a baixar a carta de convocação, encerrando a consulta de forma respeitosa.",01:17:15,True,True,4,3752.0
2026092800641,28/09/2026,14:05:43,Silvania Barreto,Multa / Quitação Eleitoral / Certidões,Resolvido,Respeitoso e Cortês,O eleitor solicitou informações sobre a possibilidade de pagar uma multa por ausência de votação em outra cidade. O operador informou que não haveria prejuízo para o eleitor e encerrou o atendimento.,02:13:13,False,True,3,3608.0
2026092800643,28/09/2026,14:07:37,Silvania Barreto,Local de Votação / Seção Eleitoral,Não Resolvido,Respeitoso e Cortês,"O eleitor fez uma consulta sobre a disponibilidade da declaração de folga após a eleição e sobre a disponibilidade de treinamentos. O operador esclareceu sobre o prazo de disponibilidade da declaração, mas não respondeu diretamente às dúvidas sobre treinamentos.",01:41:01,False,True,7,3667.0
2026092800649,28/09/2026,14:13:24,Valéria,Local de Votação / Seção Eleitoral,Resolvido,Respeitoso e Cortês,O eleitor confirmou a convocação para trabalhar nas eleições e solicitou informações sobre a seção eleitoral. O operador forneceu o telefone do cartório da zona eleitoral e encaminhou o contato para a chefe do cartório.,01:21:22,False,True,4,3601.0
2026092800657,28/09/2026,14:17:08,Silvania Barreto,Local de Votação / Seção Eleitoral,Resolvido,Respeitoso e Cortês,O eleitor confirmou suas convocações para o trabalho e obteve esclarecimentos sobre os dias de votação. O operador forneceu os números de telefone e fax para futuras consultas.,00:31:32,False,True,9,0.0
2026092800663,28/09/2026,14:19:16,Silvania Barreto,Multa / Quitação Eleitoral / Certidões,Resolvido,Respeitoso e Cortês,O eleitor pagou sua multa de ausência às urnas e recebeu um link para a certidão. O operador esclareceu sobre a situação e encaminhou o pagamento para o pix.,01:11:00,False,True,14,1.0
2026092800667,28/09/2026,14:21:46,Silvania Barreto,Multa / Quitação Eleitoral / Certidões,Resolvido,Respeitoso e Cortês,"A consulta foi resolvida sobre o pagamento de mesários, com a informação de que o pagamento ocorrerá no dia da eleição mediante confirmação de presença e chave pix do CPF.",01:21:00,False,True,4,3609.0
2026092800676,28/09/2026,14:28:11,Valéria,Local de Votação / Seção Eleitoral,Não Resolvido,Respeitoso e Cortês,"O eleitor solicitou a lista de seções antiga e atual de Lagoa Seca, mas o operador não pôde fornecer essa informação sem o CPF do eleitor. O atendimento foi respeitoso e cortês.",00:13:34,True,True,5,1.0
2026092800678,28/09/2026,14:33:21,Valéria,Justificativa Eleitoral,Resolvido,Respeitoso e Cortês,"O eleitor solicitou informações sobre a possibilidade de solicitar uma certidão circunstanciada devido à impossibilidade de realizar o alistamento durante o período de fechamento do cadastro eleitoral. O operador informou que essa certidão não teria efeito para as eleições de 2026 e que a reabertura do cadastro eleitoral em novembro permitiria ao eleitor solicitar normalmente seu primeiro título de eleitor. O operador encerrou a conversa, agradecendo e desejando um ótimo dia ao eleitor.",01:23:45,False,True,4,3607.0
2026092800679,28/09/2026,14:33:49,Valéria,Justificativa Eleitoral,Resolvido,Respeitoso e Cortês,"O eleitor solicitou orientações sobre como justificar a ausência do pai como 1º mesário, incluindo o envio de um atestado e a possibilidade de multa. Valéria informou sobre o procedimento e encaminhou as informações necessárias para o atendimento do eleitor.",01:14:07,False,True,11,3624.0
2026092800682,28/09/2026,14:39:13,Elci Junior,Treinamento / Convocação de Mesário,Resolvido,Respeitoso e Cortês,"O eleitor teve sua dúvida sobre a convocação para ser mesária resolvida, sendo informado que não havia nenhuma convocação para ele. Ele foi encorajado a retornar se tivesse mais dúvidas.",00:05:00,False,True,3,1.0
2026092800685,28/09/2026,14:41:17,Elci Junior,Multa / Quitação Eleitoral / Certidões,Resolvido,Atento e Preciso,O eleitor conseguiu acessar o aplicativo do título e pagou a multa eleitoral via PIX conforme orientações do operador. O atendimento foi eficaz e o eleitor agradeceu.,00:29:01,True,True,20,0.0
2026092800689,28/09/2026,14:45:29,Valéria,Situação Eleitoral / Título Cancelado ou Regular,Não Resolvido,Respeitoso e Cortês,O eleitor informou que perdeu seu título de eleitor e não conseguiu obter uma resposta sobre a situação do mesmo. O operador sugeriu que ele vá ao cartório para obter informações.,19:01:35,False,True,9,3602.0
2026092800692,28/09/2026,14:48:08,Silvania Barreto,Outros Assuntos,Resolvido,Respeitoso e Cortês,"O eleitor fez uma pergunta sobre a comercialização de bebida alcoólica em supermercados durante as eleições, que foi encaminhada para a Secretaria de Segurança Pública. O operador respondeu e agradeceu, encerrando o atendimento.",00:09:21,False,True,3,0.0
2026092800695,28/09/2026,14:49:51,Elci Junior,Outros Assuntos,Não Resolvido,Respeitoso e Cortês,"O eleitor teve problemas para acessar uma mensagem e uma carta de convocação. O operador informou que a 77ª Zona Eleitoral seria responsável por responder a dúvida específica do eleitor, mas não conseguiu atender imediatamente. O atendimento foi respeitoso e cortês.",00:11:25,False,True,2,1.0
2026092800711,28/09/2026,15:13:20,Márcia Gomes,Justificativa Eleitoral,Resolvido,Respeitoso e Cortês,O eleitor solicitou orientações sobre como justificar sua ausência para as eleições. O operador forneceu informações sobre como enviar uma solicitação de dispensa por e-mail e os contatos da Zona Eleitoral para auxiliar no processo.,01:07:24,False,True,5,3605.0
2026092800713,28/09/2026,15:15:42,André Gomes,Outros Assuntos,Não Resolvido,Atento e Informado,A consulta do eleitor era sobre a interpretação da Lei Estadual nº 5.606/1992 e seu impacto sobre o regime de folga de servidores estaduais. O operador orientou sobre o cálculo de folga e sugeriu consultar a advocacia pública/procuradoria do órgão. Não houve resolução definitiva da dúvida do eleitor.,01:53:42,False,True,8,1.0
2026092800719,28/09/2026,15:21:10,André Gomes,Situação Eleitoral / Título Cancelado ou Regular,Resolvido,Respeitoso e Cortês,O eleitor conseguiu acessar seu título eleitoral após fornecer os dados corretos e foi orientado a copiar e colar esses dados para verificar o acesso.,01:33:58,False,True,6,0.0
2026092800721,28/09/2026,15:21:33,Márcia Gomes,Situação Eleitoral / Título Cancelado ou Regular,Resolvido,Respeitoso e Cortês,O eleitor teve problemas para obter a segunda via do título eleitoral e o operador identificou um erro de digitação no nome da mãe. Ele foi orientado a tentar novamente com os dados corretos e a solicitar a correção no site do TRE-PB.,01:11:27,False,True,16,3607.0
2026092800726,28/09/2026,15:25:27,Marcos Antônio Monteiro Júnior,Multa / Quitação Eleitoral / Certidões,Resolvido,Respeitoso e Cortês,A eleitora solicitou informações sobre o pagamento de quem trabalha pela justiça eleitoral e recebeu orientações sobre o número PIX do cartório eleitoral. Ela confirmou o CPF e foi informada que o pagamento seria realizado no domingo. O atendimento foi encerrado após esclarecer todas as dúvidas.,00:35:53,False,True,6,0.0
2026092800740,28/09/2026,15:38:12,André Gomes,Local de Votação / Seção Eleitoral,Resolvido,Respeitoso e Cortês,O eleitor fez uma consulta sobre o transporte gratuito entre estados e foi informado que atualmente não há previsão de transporte gratuito de um estado para outro. O atendimento foi respeitoso e cortês.,03:52:44,False,True,2,10102.0
2026092800749,28/09/2026,15:41:46,Marcos Antônio Monteiro Júnior,Situação Eleitoral / Título Cancelado ou Regular,Não Resolvido,Respeitoso e Cortês,"O eleitor solicitou informações sobre a aptidão do seu título eleitoral e foi informado que estava apto para votar, mas com duas multas eleitorais pendentes. O atendimento foi respeitoso e cortês, mas não foi possível resolver a dúvida sobre as multas.",01:14:07,False,True,4,3604.0
2026092800770,28/09/2026,15:47:02,Elci Junior,Situação Eleitoral / Título Cancelado ou Regular,Resolvido,Respeitoso e Cortês,"O eleitor teve sua situação de título verificada e informado que estava regular, embora houvesse um débito pendente. O atendimento encerrou com a agradecimento do eleitor e a promessa de estar à disposição caso necessário.",00:07:50,False,True,3,0.0
2026092800779,28/09/2026,15:49:16,Alana,Local de Votação / Seção Eleitoral,Não Resolvido,Respeitoso e Cortês,"O eleitor fez várias perguntas, incluindo sobre documentos de identificação e alteração de endereço, mas não obteve resposta clara para todas. A biometria foi mencionada, mas não detalhada. O atendimento foi encerrado sem solução para todas as dúvidas.",01:38:06,False,True,12,3610.0
2026092800781,28/09/2026,15:50:19,Elci Junior,Situação Eleitoral / Título Cancelado ou Regular,Resolvido,Respeitoso e Cortês,O eleitor solicitou informações sobre o seu título eleitoral e foi orientado sobre como baixar o documento. O atendimento foi eficaz e o eleitor agradeceu.,00:14:09,False,True,4,1.0
2026092800782,28/09/2026,15:53:56,André Gomes,Justificativa Eleitoral,Resolvido,Atento e Preciso,"O eleitor teve problemas para acessar o aplicativo e-titulo, mas conseguiu resolver o problema após correção dos dados fornecidos. O operador encerrou o atendimento, sem mais dúvidas.",01:57:57,False,True,8,3621.0
2026092800787,28/09/2026,15:58:03,André Gomes,Situação Eleitoral / Título Cancelado ou Regular,Não Resolvido,Respeitoso e Cortês,"O eleitor solicitou informações sobre sua dispensação como mesária e foi encaminhado para verificar a situação no site do TSE. O operador sugeriu ligar para a 53ª Zona Eleitoral para obter mais detalhes, mas não respondeu diretamente a sua dúvida sobre a situação de seu título.",02:28:22,False,True,7,4133.0
2026092800790,28/09/2026,15:58:23,Alana,Multa / Quitação Eleitoral / Certidões,Resolvido,Respeitoso e Cortês,"O eleitor teve dificuldades para acessar sua conta no E-título e foi orientado a informar corretamente os dados, incluindo o nome do pai. A operadora explicou como solicitar a atualização cadastral e encaminhou o eleitor para o site do TSE para realizar a solicitação. O atendimento foi encerrado com a garantia de que o eleitor poderia entrar em contato novamente se necessário.",01:25:41,False,True,6,3606.0
2026092800792,28/09/2026,15:59:14,Valéria,Situação Eleitoral / Título Cancelado ou Regular,Resolvido,Respeitoso e Cortês,O eleitor perdeu seu título e não conseguiu acessar o sistema de título eleitoral. O operador informou o local de votação e orientou sobre a necessidade de digitar corretamente o nome e os dados para acessar o sistema.,00:14:41,False,True,12,0.0
2026092800795,28/09/2026,16:00:40,Vanessa,Outros Assuntos,Resolvido,Respeitoso e Cortês,O eleitor estava com dúvidas sobre remuneração de motoristas que transportarão mesários. Vanessa orientou-o a entrar em contato com o motorista para fornecer os dados necessários. O atendimento foi respeitoso e o eleitor encerrou satisfeito.,02:50:53,False,True,8,3606.0
2026092800800,28/09/2026,16:05:32,André Gomes,Outros Assuntos,Resolvido,Respeitoso e Cortês,"O eleitor solicitou informações sobre como emitir uma segunda via de seu título eleitoral e foi informado sobre a opção disponível. O operador também esclareceu que não é necessário o título para votar, apenas um documento de identidade com foto. O atendimento foi encerrado com agradecimentos.",00:26:55,False,True,6,0.0
2026092800803,28/09/2026,16:06:56,Márcia Gomes,Multa / Quitação Eleitoral / Certidões,Resolvido,Respeitoso e Cortês,O eleitor confirmou que já possuía chave PIX e não precisava informar novamente. O operador esclareceu sobre o pagamento direto aos mesários com chave PIX. O atendimento foi considerado satisfatório.,00:13:37,False,True,4,0.0
2026092800805,28/09/2026,16:10:05,Alana,Multa / Quitação Eleitoral / Certidões,Resolvido,Respeitoso e Cortês,O eleitor teve seu pedido de acesso à carta de convocação como presidente resolvido. O operador tentou várias vezes e conseguiu enviar o arquivo solicitado por e-mail.,01:29:51,False,True,5,0.0
2026092800810,28/09/2026,16:17:19,André Gomes,Local de Votação / Seção Eleitoral,Resolvido,Respeitoso e Cortês,O eleitor fez uma consulta sobre a possibilidade de votar em trânsito e foi informado que o prazo para solicitar voto em trânsito havia encerrado em agosto. O atendimento foi respeitoso e cortês.,01:24:41,False,True,2,3624.0
2026092800825,28/09/2026,16:27:09,Vanessa,Justificativa Eleitoral,Não Resolvido,Não Respeitoso,"O eleitor solicitou justificativa para não comparecer à eleição, mas o operador apenas sugeriu enviar um requerimento por e-mail e não deu mais orientações.",01:12:17,False,True,4,3734.0
2026092800848,28/09/2026,16:57:35,Marcos Antônio Monteiro Júnior,Outros Assuntos,Não Resolvido,Não Respeitoso,"O atendimento foi encerrado sem resolver a dúvida do eleitor sobre a carta de convocação, pois o eleitor não manifestou mais necessidade de ajuda.",01:39:07,False,True,6,3613.0
2026092800857,28/09/2026,17:09:23,André Gomes,Local de Votação / Seção Eleitoral,Não Resolvido,Atento e Preocupado,"O eleitor solicitou a impressão de sua portaria de convocação de mesário, mas não conseguiu acessar o site do TSE. O operador sugeriu tentar novamente e ofereceu acesso por meio de um arquivo, mas o eleitor não solicitou mais assistência.",01:17:57,False,True,5,3610.0
2026092800871,28/09/2026,17:29:26,Silvania Barreto,Local de Votação / Seção Eleitoral,Não Resolvido,Respeitoso e Cortês,"O eleitor solicitou informações sobre mudar sua zona de votação, mas foi informado que o cadastro estava fechado e só reabriria em Novembro. O atendimento foi respeitoso e cortês.",00:02:40,False,True,2,0.0
2026092800874,28/09/2026,17:33:46,André Gomes,Outros Assuntos,Resolvido,Atendimento Eficiente,O eleitor solicitou informações sobre deixar de ser mesário para eleições futuras. O operador informou que não tem a gestão de convocação nesse atendimento e encaminhou a informação para a chefia de cartório da zona eleitoral. O atendimento foi eficiente e o eleitor agradeceu.,15:09:55,False,True,3,47053.0
2026092800878,28/09/2026,17:36:58,Vanessa,Local de Votação / Seção Eleitoral,Resolvido,Respeitoso e Cortês,O eleitor fez uma consulta sobre a possibilidade de votar no segundo turno se não votou no primeiro turno. O operador Vanessa confirmou a informação e encerrou a conversa.,00:33:26,False,True,3,0.0
2026092800879,28/09/2026,17:37:01,Silvania Barreto,Multa / Quitação Eleitoral / Certidões,Resolvido,Respeitoso e Cortês,"A consulta foi encerrada com a informação sobre o valor da multa para os mesários, incluindo detalhes sobre o pagamento via Pix. O eleitor foi agradecido e encerrou a conversa.",00:34:39,False,True,3,0.0
2026092800895,28/09/2026,17:40:08,Vanessa,Situação Eleitoral / Título Cancelado ou Regular,Não Resolvido,Respeitoso e Cortês,"O eleitor informou que não conseguia acessar o aplicativo do e-Título devido a uma possível inconsistência nos dados da certidão de quitação. O operador orientou-o a usar os dados exatos da certidão para tentar baixar o aplicativo novamente, mas o eleitor não conseguiu resolver o problema.",00:14:26,False,True,8,1.0
2026092800938,28/09/2026,18:11:17,Vanessa,Multa / Quitação Eleitoral / Certidões,Não Resolvido,Respeitoso e Cortês,"A conversa focou na questão de receber pagamento por pix durante as eleições, com o operador confirmando que o pagamento será feito no mesmo dia da votação. O eleitor agradeceu e encerrou a conversa, sem solicitar mais informações ou encaminhar um problema para solução.",00:06:29,False,True,6,0.0
2026092800954,28/09/2026,18:37:37,Marcos Antônio Monteiro Júnior,Multa / Quitação Eleitoral / Certidões,Resolvido,Atendimento Completo,O eleitor solicitou regularização do seu título de eleitor e foi informado sobre duas multas por ausência nas urnas. O operador encaminhou o QR-code para pagamento por PIX e encerrou o atendimento.,01:27:34,False,True,6,3604.0
2026092800960,28/09/2026,18:51:19,André Gomes,Outros Assuntos,Não Resolvido,Desrespeitoso,O atendimento foi cortado abruptamente sem resolver a questão do pedido de dispensa do serviço eleitoral.,01:04:46,False,True,3,3605.0
2026092900014,29/09/2026,06:37:36,Charles,Situação Eleitoral / Título Cancelado ou Regular,Resolvido,Respeitoso e Cortês,"O eleitor informou que não conseguia concluir o cadastro no e-título devido a um erro no nome do pai. O operador orientou-o a se cadastrar corretamente e a solicitar a correção através do atendimento ao eleitor online, fornecendo o link para o processo.",01:26:30,False,True,9,1.0
2026092900066,29/09/2026,07:00:15,Charles,Justificativa Eleitoral,Resolvido,Respeitoso e Cortês,O eleitor solicitou esclarecimento sobre a perda de sua folga de quinta-feira devido à sua participação como mesária nas eleições. O operador esclareceu sobre o direito à folga durante a semana e encaminhou o eleitor para entrar em contato com o TRE para esclarecer dúvidas futuras.,01:37:24,False,True,10,3808.0
2026092900067,29/09/2026,07:02:01,Charles,Multa / Quitação Eleitoral / Certidões,Resolvido,Respeitoso e Cortês,O eleitor confirmou que já tinha uma chave PIX cadastrada com seu CPF no banco. O operador Charles confirmou que seu CPF estava correto no Cadastro Eleitoral e informou que isso permitiria receber o auxílio alimentação. O atendimento foi respeitoso e o eleitor agradeceu.,00:58:36,False,True,10,0.0
2026092900068,29/09/2026,07:02:07,Charles,Local de Votação / Seção Eleitoral,Não Resolvido,Atendimento Inadequado,"O eleitor solicitou orientação sobre a convocação para trabalhar como 2º mesário, mas o operador não respondeu adequadamente à sua solicitação de que alguém possa ficar com seus filhos, especialmente o filho autista. O operador apenas encorajou o eleitor a falar com Rogério, sem fornecer mais informações ou encaminhamentos claros.",01:03:53,False,True,6,0.0
2026092900069,29/09/2026,07:06:46,Charles,Local de Votação / Seção Eleitoral,Resolvido,Atento e Preciso,"O eleitor solicitou informações sobre a seção eleitoral para sua sobrinha. O operador Charles consultou e informou o local exato da seção, incluindo o nome do colégio e o endereço. O atendimento foi eficiente e atendeu à necessidade do eleitor.",02:17:47,False,True,9,3649.0
2026092900072,29/09/2026,07:13:47,Charles,Justificativa Eleitoral,Não Resolvido,Atendimento Inadequado,"O eleitor solicitou justificar sua ausência devido a um treinamento contra o câncer, mas o operador não respondeu adequadamente e não encaminhou o pedido para o correto encaminhamento.",05:31:55,False,True,8,3618.0
2026092900084,29/09/2026,07:35:09,Charles,Local de Votação / Seção Eleitoral,Resolvido,Respeitoso e Cortês,O eleitor solicitou a colinha para votação e o operador Charles forneceu links para baixar os modelos da colinha pela internet.,00:30:35,False,True,5,0.0
2026092900090,29/09/2026,07:47:14,Anderson Kleiner,Justificativa Eleitoral,Resolvido,Atento e Informado,"O operador respondeu sobre a dispensa de votar e orientou o eleitor sobre como justificar a ausência, utilizando o aplicativo e-Título ou o site do TSE.",03:19:31,True,True,13,3609.0
2026092900094,29/09/2026,07:49:49,André Gomes,Local de Votação / Seção Eleitoral,Resolvido,Respeitoso e Cortês,O eleitor solicitou informações sobre horário de funcionamento do TRE-PB e foi orientado a verificar sua situação no site do TSE para obter a carta de convocação.,03:38:35,False,True,4,0.0
2026092900095,29/09/2026,07:51:29,Charles,Situação Eleitoral / Título Cancelado ou Regular,Não Resolvido,Respeitoso e Cortês,"O eleitor informou que teve sua biometria e documentos roubados e não conseguiu votar. O operador confirmou a ausência de biometria e informou que não pode votar com cópia de documento, apenas com documento original.",00:25:21,False,True,5,0.0
2026092900096,29/09/2026,07:51:41,André Gomes,Multa / Quitação Eleitoral / Certidões,Não Resolvido,Respeitoso e Cortês,"O eleitor teve dúvidas sobre multas e certidões de quitação, mas o problema não foi resolvido completamente. O operador encaminhou Pix para pagamento e encaminhou para consulta de certidão da esposa, mas não deu solução definitiva para o problema de acesso ao título.",00:45:31,False,True,23,0.0
2026092900103,29/09/2026,07:57:38,Roberto Cezar,Outros Assuntos,Resolvido,Respeitoso e Cortês,O eleitor fez uma consulta sobre o uso do CPF como PIX para auxílio alimentação e foi esclarecido sobre a automação do processo. O atendimento foi respeitoso e cortês.,00:47:28,False,True,4,1.0
2026092900116,29/09/2026,08:07:08,Roberto Cezar,Local de Votação / Seção Eleitoral,Resolvido,Respeitoso e Cortês,O eleitor solicitou informações sobre a mudança de local de votação devido a reforma da escola. O operador orientou-o a entrar em contato com a Zona Eleitoral convocadora pelo telefone ou e-mail.,00:36:00,False,True,4,0.0
2026092900118,29/09/2026,08:08:44,Anderson Kleiner,Local de Votação / Seção Eleitoral,Resolvido,Respeitoso e Cortês,"O eleitor obteve orientação sobre como obter uma declaração de trabalho eleitoral antecipadamente, incluindo o passo a passo para acessar o site do TSE e a localização da declaração.",01:10:14,False,True,6,3608.0
2026092900119,29/09/2026,08:09:53,Roberto Cezar,Outros Assuntos,Resolvido,Atendimento Eficiente,"O eleitor fez uma pergunta sobre a gratuidade de ônibus Intermunicipais no dia da eleição, que foi esclarecida pela competência do Governo do Estado. O atendimento foi eficiente e o eleitor agradeceu.",01:31:58,False,True,4,3605.0
2026092900129,29/09/2026,08:24:03,Roberto Cezar,Situação Eleitoral / Título Cancelado ou Regular,Não Resolvido,Respeitoso e Cortês,"O eleitor informou que não conseguia acessar seu título de eleitor, mas a solução apresentada foi apenas uma sugestão de desinstalar e reinstalar o aplicativo. O operador não conseguiu resolver a questão principal do eleitor.",00:15:27,False,True,4,1.0
2026092900130,29/09/2026,08:24:23,Roberto Cezar,Situação Eleitoral / Título Cancelado ou Regular,Resolvido,Respeitoso e Cortês,O eleitor solicitou o número de seu título eleitoral e foi encaminhado o documento para que pudesse imprimir. O operador agradeceu pelo atendimento.,00:10:02,False,True,4,0.0
2026092900136,29/09/2026,08:31:25,Charles,Outros Assuntos,Não Resolvido,Respeitoso e Cortês,O eleitor solicitou orientação sobre dispensa de trabalho nas eleições devido a uma criança de 8 meses em fase de amamentação. O operador indicou que deveria falar com o chefe da 59ª zona e forneceu os números de telefone para contato. O eleitor agradeceu e encerrou a conversa.,00:16:09,False,True,5,1.0
2026092900138,29/09/2026,08:32:05,Silvania Barreto,Justificativa Eleitoral,Não Resolvido,Respeitoso e Cortês,"O eleitor solicitou esclarecimentos sobre o atendimento prioritário para pessoas com deficiência, especialmente para casos de pessoas autistas sem laudo ou identificação. O operador esclareceu sobre a necessidade de comprovação e orientou sobre como fazer a justificativa de forma respeitosa.",01:02:37,False,True,11,2.0
2026092900148,29/09/2026,08:37:05,Roberto Cezar,Multa / Quitação Eleitoral / Certidões,Resolvido,Respeitoso e Cortês,"O eleitor solicitou informações sobre como emitir uma certidão circunstanciada para a Polícia Federal, informando que não possuía alistamento eleitoral devido ao fechamento do cadastro. O operador informou sobre a localização da central de atendimento ao eleitor e encaminhou a solicitação para o atendimento presencial.",00:13:02,False,True,10,1.0
2026092900154,29/09/2026,08:39:14,Silvania Barreto,Local de Votação / Seção Eleitoral,Resolvido,Respeitoso e Cortês,"O eleitor solicitou orientação sobre o local de votação para seu sogro. O operador informou o local de votação e o número da seção, auxiliando o eleitor efetivamente.",00:15:57,False,True,7,0.0
2026092900180,29/09/2026,08:53:39,André Gomes,Local de Votação / Seção Eleitoral,Resolvido,Respeitoso e Cortês,O eleitor teve suas dúvidas sobre a dispensa de treinamento de mesário resolvidas e recebeu informações sobre o local de votação provisoriamente alterado.,01:21:40,False,True,8,3671.0
2026092900186,29/09/2026,08:56:18,Silvania Barreto,Outros Assuntos,Não Resolvido,Não Respeitoso,"A conversa foi iniciada sem uma questão específica levantada pelo eleitor, apenas uma saudação e um número. O operador respondeu de forma genérica sem fornecer informações ou encaminhar o problema.",02:03:47,False,True,1,3608.0
2026092900196,29/09/2026,09:05:27,Silvania Barreto,Outros Assuntos,Resolvido,Respeitoso e Cortês,O eleitor solicitou a emissão de uma carta de convocação para seu trabalho. O operador encontrou o arquivo solicitado e o eleitor agradeceu.,01:10:08,False,True,3,0.0
2026092900199,29/09/2026,09:07:35,Silvania Barreto,Situação Eleitoral / Título Cancelado ou Regular,Não Resolvido,Atendimento Inadequado,"O eleitor solicitou como cadastrar um novo número de telefone, mas a operadora não soube responder corretamente e informou que o cadastro estava fechado, encerrando a conversa sem fornecer uma solução.",01:06:48,False,True,4,3615.0
2026092900202,29/09/2026,09:10:51,Roberto Cezar,Multa / Quitação Eleitoral / Certidões,Resolvido,Respeitoso e Cortês,"A eleitora solicitou informações sobre a multa a ser paga e o operador forneceu a guia correspondente. Em seguida, ela teve dúvidas sobre o aplicativo e-titulo, que foi esclarecido. A eleitora agradeceu e o atendimento foi encerrado.",01:13:05,False,True,7,3606.0
2026092900203,29/09/2026,09:10:51,André Gomes,Multa / Quitação Eleitoral / Certidões,Resolvido,Respeitoso e Cortês,O eleitor fez uma justificativa sobre o pagamento de uma multa e recebeu informações sobre a convocação para o cartório e o material necessário para a votação. O atendimento foi respeitoso e o eleitor agradeceu.,00:39:20,False,True,3,1.0
2026092900206,29/09/2026,09:11:45,Roberto Cezar,Local de Votação / Seção Eleitoral,Não Resolvido,Respeitoso e Cortês,"O eleitor fez uma dúvida sobre a possibilidade de votar em trânsito e não obteve resposta clara. O atendimento foi respeitoso e cortês, mas o problema não foi resolvido.",00:05:56,False,True,2,1.0
2026092900208,29/09/2026,09:11:57,André Gomes,Local de Votação / Seção Eleitoral,Resolvido,Respeitoso e Cortês,"O eleitor obteve informações sobre o dia de trabalho como secretário da seção e sobre a declaração de trabalho, sendo encaminhado para o site onde poderia emitir a declaração.",02:34:09,False,True,9,3752.0
2026092900212,29/09/2026,09:15:07,Márcia Gomes,Justificativa Eleitoral,Resolvido,Respeitoso e Cortês,"O eleitor solicitou a dispensa para ser substituído devido à internação e recebeu orientações para fazer o pedido junto à Zona Eleitoral, bem como os contatos para futuras consultas.",00:15:11,False,True,9,15.0
2026092900229,29/09/2026,09:22:55,Roberto Cezar,Multa / Quitação Eleitoral / Certidões,Resolvido,Respeitoso e Cortês,O eleitor teve suas dúvidas sobre o uso do aplicativo para votação esclarecidas e foi informado que poderia votar normalmente com seu título eleitoral e um documento oficial com foto. A conversa foi encerrada após a solução da dúvida.,02:02:35,True,True,3,3611.0
2026092900231,29/09/2026,09:24:20,Roberto Cezar,Justificativa Eleitoral,Não Resolvido,Atento e Informado,O eleitor teve dúvidas sobre folgas e treinamento online. O operador informou que a questão de folgas é de responsabilidade do empregador e que o treinamento online deve ser solicitado ao Cartório Eleitoral.,01:34:59,False,True,5,3686.0
2026092900248,29/09/2026,09:33:54,Márcia Gomes,Situação Eleitoral / Título Cancelado ou Regular,Resolvido,Respeitoso e Cortês,"O eleitor informou que não conseguia acessar os serviços eleitorais e suspeitou que o cadastro estava errado. Márcia Gomes solicitou a correção de um nome no cadastro eleitoral, orientando o eleitor a tentar acessar os sistemas novamente e a realizar a correção no site do TRE-PB em novembro.",00:18:08,False,True,14,1.0
2026092900259,29/09/2026,09:39:17,André Gomes,Local de Votação / Seção Eleitoral,Resolvido,Atento e Clarificando,"O eleitor confirmou seu local de votação e local de trabalho como mesário. O operador esclareceu que ele votaria na seção 131 da mesma escola, e encerrou o atendimento após a confirmação do eleitor.",03:00:48,False,True,7,4560.0
2026092900260,29/09/2026,09:39:42,João Fidelis,Local de Votação / Seção Eleitoral,Resolvido,Respeitoso e Cortês,"O eleitor obteve esclarecimentos sobre o horário de chegada, divisão de horário entre mesários, declaração de trabalho eleitoral e emissão de certidão de mesário. O atendimento foi eficaz e respeitoso.",00:17:04,False,True,5,1.0
2026092900264,29/09/2026,09:43:09,Silvania Barreto,Local de Votação / Seção Eleitoral,Resolvido,Respeitoso e Cortês,A eleitora solicitou alterar a seção eleitoral para onde trabalhar nas próximas eleições. O operador informou que não era possível realizar essa mudança e encerrou o atendimento.,01:21:45,False,True,4,3611.0
2026092900273,29/09/2026,09:50:06,João Fidelis,Justificativa Eleitoral,Resolvido,Respeitoso e Cortês,O eleitor fez uma consulta sobre convocações para trabalhos eleitorais e foi informado que não havia convocação para 2026. O atendimento foi respeitoso e cortês.,01:06:42,False,True,3,3604.0
2026092900274,29/09/2026,09:50:07,João Fidelis,Situação Eleitoral / Título Cancelado ou Regular,Não Resolvido,Respeitoso e Cortês,O eleitor informou que não conseguia baixar o e-título devido a inconsistências no cadastro. O operador solicitou informações atualizadas e informou que os dados poderiam ser atualizados após o segundo turno. O eleitor encerrou a conversa sem solicitar mais assistência.,00:10:03,False,True,10,0.0
2026092900279,29/09/2026,09:55:38,Roberto Cezar,Multa / Quitação Eleitoral / Certidões,Resolvido,Respeitoso e Cortês,O eleitor solicitou informações sobre como cadastrar seu PIX para receber auxílio alimentação. O operador explicou que o valor seria creditado no CPF e orientou sobre a alteração do PIX se necessário. O atendimento foi respeitoso e o eleitor agradeceu.,00:10:08,False,True,5,0.0
2026092900282,29/09/2026,09:58:55,Silvania Barreto,Situação Eleitoral / Título Cancelado ou Regular,Resolvido,Respeitoso e Cortês,"O eleitor teve suas dúvidas sobre o e-título respondidas. Silvania Barreto confirmou que ele estava apto a votar, explicou a necessidade de assinatura para completar a biometria e informou que poderia ser corrigido no cadastro reaberto em novembro. Ela também confirmou que a coleta da assinatura seria feita de forma eletrônica.",00:10:00,False,True,8,0.0
2026092900285,29/09/2026,10:02:13,Roberto Cezar,Situação Eleitoral / Título Cancelado ou Regular,Resolvido,Respeitoso e Cortês,"O eleitor solicitou informações sobre como alterar o tipo de título de eleitor de 'Estudante' para 'Agricultor'. O operador informou que atualmente não é possível fazer alterações no cadastro eleitoral, mas a partir de novembro será possível fazer essa alteração no Cartório Eleitoral. O operador também confirmou que a alteração é gratuita.",00:05:11,False,True,6,0.0
2026092900286,29/09/2026,10:02:17,Márcia Gomes,Local de Votação / Seção Eleitoral,Resolvido,Respeitoso e Cortês,"O eleitor solicitou orientações sobre como votar após perder seu título eleitoral. O operador informou sobre a baixa do e-título no celular e sobre a localização da seção eleitoral e do local de votação, garantindo que o eleitor pudesse votar com um documento oficial com foto.",00:15:43,False,True,6,1.0
2026092900287,29/09/2026,10:02:24,Roberto Cezar,Justificativa Eleitoral,Não Resolvido,Respeitoso e Cortês,"O eleitor solicitou orientações sobre onde e como justificar sua ausência de voto. O operador explicou que a justificativa deve ser feita em um local próximo à sua residência durante a eleição, mas não no cartório eleitoral. O eleitor não solicitou mais informações e encerrou a conversa.",00:16:24,True,True,8,1.0
2026092900288,29/09/2026,10:02:40,João Fidelis,Local de Votação / Seção Eleitoral,Não Resolvido,Respeitoso e Cortês,"O eleitor solicitou informações sobre folgas de mesários, mas o operador apenas respondeu sobre a emissão de certidão e não esclareceu a dúvida sobre folgas. O atendimento foi considerado respeitoso e cortês.",01:13:01,False,True,3,0.0
2026092900292,29/09/2026,10:04:26,Silvania Barreto,Treinamento / Convocação de Mesário,Resolvido,Respeitoso e Cortês,"O eleitor conseguiu obter informações sobre o treinamento de mesário voluntário e como realizar o treinamento pelo aplicativo. O operador encerrou o atendimento, agradecendo o contato do eleitor.",01:02:00,True,True,14,1.0
2026092900300,29/09/2026,10:06:57,Roberto Cezar,Multa / Quitação Eleitoral / Certidões,Não Resolvido,Não Respondeu,"O eleitor solicitou informações sobre como receber um auxílio alimentação pelo trabalho na eleição, mas o operador não respondeu à pergunta e encerrou o atendimento.",01:14:27,False,True,5,3601.0
2026092900312,29/09/2026,10:09:30,Silvania Barreto,Local de Votação / Seção Eleitoral,Resolvido,Respeitoso e Cortês,O eleitor foi orientado sobre sua função como Secretário e o local de trabalho onde realizará o treinamento para ser mesário. O atendimento foi eficaz e respeitoso.,01:19:12,False,True,6,3615.0
2026092900319,29/09/2026,10:12:29,João Fidelis,Local de Votação / Seção Eleitoral,Resolvido,Respeitoso e Cortês,"O eleitor solicitou mudar o local de votação, mas foi informado que alterações somente ocorrem após o segundo turno. O operador encerrou a conversa com um bom dia e ofereceu auxílio caso necessário.",01:12:53,False,True,2,3605.0
2026092900321,29/09/2026,10:13:44,João Fidelis,Treinamento / Convocação de Mesário,Resolvido,Respeitoso e Cortês,"O eleitor tirou dúvidas sobre o treinamento de mesário e a emissão de certidão, recebendo orientações sobre os direitos e procedimentos. O atendimento foi encerrado com um excelente dia.",00:06:58,False,True,3,1.0
2026092900345,29/09/2026,10:18:49,Cláudia,Situação Eleitoral / Título Cancelado ou Regular,Resolvido,Respeitoso e Cortês,O eleitor teve problemas para regularizar seu título de eleitor e foi orientado a usar o nome correto (Maria Felomena da Silva) para acessar o sistema. O atendimento foi concluído com sucesso após a regularização do título.,00:10:20,False,True,13,1.0
2026092900348,29/09/2026,10:19:54,Márcia Gomes,Situação Eleitoral / Título Cancelado ou Regular,Resolvido,Respeitoso e Cortês,"O eleitor teve suas dúvidas sobre a biometria esclarecidas. Embora não ter feito a biometria, foi informado que poderia votar com um documento oficial com foto, e o atendimento foi encerrado com um bom dia.",00:11:26,False,True,7,1.0
2026092900351,29/09/2026,10:23:33,Roberto Cezar,Situação Eleitoral / Título Cancelado ou Regular,Resolvido,Respeitoso e Cortês,O eleitor teve suas dúvidas esclarecidas sobre a suspensão do título de eleitor devido a condenação criminal. O operador informou que o título seria regularizado após o cumprimento da pena e a anotação removida do cadastro. O eleitor agradeceu e encerrou a conversa.,01:09:03,False,True,8,3603.0
2026092900354,29/09/2026,10:27:19,Jeanne Pereira de Oliveira,Local de Votação / Seção Eleitoral,Resolvido,Respeitoso e Cortês,O eleitor solicitou informações sobre a seção eleitoral e recebeu o contato do cartório eleitoral correspondente. O atendimento foi eficaz e eficiente.,00:18:48,False,True,12,1.0
2026092900361,29/09/2026,10:31:20,André Gomes,Multa / Quitação Eleitoral / Certidões,Não Resolvido,Atento e Preocupado,"O eleitor solicitou informações sobre o título de eleitor perdido e não obteve resposta clara sobre como obter uma nova via ou certidão. O atendimento foi atento, mas não resolveu a questão principal do eleitor.",01:32:17,False,True,9,3605.0
2026092900364,29/09/2026,10:32:57,Elci Junior,Local de Votação / Seção Eleitoral,Resolvido,Respeitoso e Cortês,A eleitora solicitou informações sobre seu local de votação e foi informada que votaria na seção ESTADUAL PADRE HILDON BANDEIRA. Elci Junior encerrou o atendimento ressaltando que a eleitora poderia contatar novamente se necessário.,00:11:54,False,True,3,0.0
2026092900366,29/09/2026,10:33:41,Roberto Cezar,Outros Assuntos,Não Resolvido,Não Respeitoso,O eleitor não obteve resposta clara sobre se ele trabalharia nas eleições de 2026 e encerrou a conversa insatisfeito.,00:06:44,False,True,2,1.0
2026092900367,29/09/2026,10:35:26,Márcia Gomes,Situação Eleitoral / Título Cancelado ou Regular,Não Resolvido,Respeitoso e Cortês,"O eleitor relatou problemas para acessar seu título digital e não conseguiu resolver o problema por meio do WhatsApp. O operador sugeriu que ele vá até a Cenatel em Campina Grande para resolver o problema, mas o eleitor não conseguiu obter assistência por telefone.",00:42:10,False,True,34,1.0
2026092900370,29/09/2026,10:37:06,André Gomes,Outros Assuntos,Resolvido,Respeitoso e Cortês,"O eleitor solicitou informações sobre auxílio para eleitor com deficiência visual. O operador explicou a respeito e encerrou o atendimento, sem necessidade de mais assistência.",00:10:00,False,True,3,1.0
2026092900374,29/09/2026,10:40:36,Cláudia,Outros Assuntos,Resolvido,Respeitoso e Cortês,O eleitor solicitou informações sobre convocação de mesário para as eleições de 2026. O operador informou que não havia convocação ativa para ele e encaminhou o eleitor para um link para confirmação. O atendimento foi respeitoso e cortês.,00:04:57,False,True,10,0.0
2026092900375,29/09/2026,10:40:41,João Fidelis,Outros Assuntos,Resolvido,Respeitoso e Cortês,O eleitor fez uma consulta sobre a chave Pix para receber multas eleitorais. O operador explicou que não era necessário cadastrar a chave na Justiça Eleitoral e encerrou o atendimento.,02:22:03,False,True,3,3605.0
2026092900376,29/09/2026,10:40:53,João Fidelis,Local de Votação / Seção Eleitoral,Resolvido,Atento e Preciso,"O eleitor solicitou informações sobre sua seção eleitoral, zona e local de votação. O operador forneceu essas informações e encerrou o atendimento.",01:07:45,False,True,3,3671.0
2026092900378,29/09/2026,10:41:54,João Fidelis,Situação Eleitoral / Título Cancelado ou Regular,Resolvido,Respeitoso e Cortês,O eleitor confirmou que seu título eleitoral já possui biometria e foi informado que pode votar com esse documento. O atendimento foi respeitoso e cortês.,00:20:12,False,True,5,0.0
2026092900388,29/09/2026,10:46:40,Jeanne Pereira de Oliveira,Justificativa Eleitoral,Resolvido,Respeitoso e Cortês,O eleitor solicitou sua carta convocatória e foi orientado a acessar o link fornecido para consultar a convocação de mesário. A consulta foi realizada com sucesso.,01:17:29,False,True,5,3615.0
2026092900390,29/09/2026,10:48:42,João Fidelis,Local de Votação / Seção Eleitoral,Resolvido,Respeitoso e Cortês,O eleitor solicitou informações sobre o local de votação e foi informado corretamente. O atendimento foi eficiente e o problema foi resolvido.,00:32:29,True,True,5,0.0
2026092900395,29/09/2026,10:51:44,Silvania Barreto,Outros Assuntos,Não Resolvido,Não Respeitoso,"A conversa não abordou um assunto específico relacionado aos tópicos mencionados, o eleitor não recebeu orientação sobre nenhum assunto e encerrou a conversa sem que seu problema fosse resolvido.",01:05:44,True,True,1,3624.0
2026092900397,29/09/2026,10:53:12,Roberto Cezar,Local de Votação / Seção Eleitoral,Resolvido,Respeitoso e Cortês,O eleitor confirmou o local de votação e foi informado sobre a substituição da escola por outro local devido à inacessibilidade. O operador encerrou a conversa com um bom-dia.,00:08:41,False,True,8,1.0
2026092900447,29/09/2026,11:01:14,André Gomes,Outros Assuntos,Resolvido,Respeitoso e Cortês,"O eleitor fez uma pergunta sobre o Pix, solicitando orientação sobre onde enviar a chave Pix. O operador explicou que basta ter uma conta com chave Pix CPF e o pagamento será efetuado nessa conta. A conversa foi encerrada com agradecimentos e desejos de boa tarde.",00:07:39,False,True,3,0.0
2026092900455,29/09/2026,11:04:22,Silvania Barreto,Outros Assuntos,Resolvido,Respeitoso e Cortês,A consulta foi encerrada após a resolução da questão do documento do eleitor. O operador não solicitou mais assistência.,00:15:01,True,True,11,0.0
2026092900467,29/09/2026,11:08:19,Jeanne Pereira de Oliveira,Local de Votação / Seção Eleitoral,Resolvido,Atento e Preciso,"O eleitor conseguiu resolver o problema de acesso ao aplicativo e foi orientado a tentar novamente em 1h. O operador encerrou o chamado, garantindo que o eleitor pudesse retornar se necessário.",01:19:55,False,True,16,3641.0
2026092900470,29/09/2026,11:09:07,Roberto Cezar,Situação Eleitoral / Título Cancelado ou Regular,Não Resolvido,Respeitoso e Cortês,"O eleitor teve seu título cancelado devido a múltiplas ausências e precisava regularizá-lo. O operador explicou sobre o débito a ser pago e o processo de regularização, mas não respondeu diretamente sobre como pagar a guia ou quando a regularização seria possível.",01:23:47,False,True,16,3603.0
2026092900472,29/09/2026,11:09:39,André Gomes,Local de Votação / Seção Eleitoral,Resolvido,Respeitoso e Cortês,"O eleitor solicitou a localização da seção eleitoral para sua sobrinha, que recentemente tirou o título. O operador informou a localização e o eleitor agradeceu.",01:07:38,False,True,3,3609.0
2026092900473,29/09/2026,11:10:07,Roberto Cezar,Treinamento / Convocação de Mesário,Resolvido,Respeitoso e Cortês,O eleitor confirmou sua convocação para um mesário e teve suas dúvidas respondidas pelo operador. O atendimento foi satisfatório e o eleitor encerrou satisfeito.,01:05:08,False,True,6,3604.0
2026092900477,29/09/2026,11:11:04,Roberto Cezar,Justificativa Eleitoral,Resolvido,Atento e Empático,O eleitor teve suas dúvidas sobre como justificar sua ausência devido a uma doença auto-imune resolvidas. O operador orientou-o a buscar ajuda de um familiar para levar o atestado médico ao Cartório Eleitoral.,01:10:31,False,True,3,3606.0
2026092900486,29/09/2026,11:14:19,André Gomes,Situação Eleitoral / Título Cancelado ou Regular,Não Resolvido,Respeitoso e Cortês,O eleitor informou que seu título estava cancelado devido a ausência em três eleições consecutivas. O operador informou que a regularização só poderia ser feita após 3 de novembro. O eleitor encerrou a conversa sem solicitar mais assistência.,00:07:31,False,True,3,0.0
2026092900490,29/09/2026,11:15:54,Silvania Barreto,Local de Votação / Seção Eleitoral,Resolvido,Respeitoso e Cortês,"O eleitor solicitou informações sobre a seção e local de votação para a seção 249 em Guarabira. O operador informou o endereço do EMEIEF Sérgio Lúiz de Melo Gomes, no bairro Cordeiro, e encerrou a consulta.",00:17:06,False,True,4,1.0
2026092900496,29/09/2026,11:18:46,André Gomes,Local de Votação / Seção Eleitoral,Não Resolvido,Atendimento Incompleto,"O eleitor solicitou informações sobre seu plantão noturno no dia 03/10, mas não recebeu resposta sobre isso. O operador apenas confirmou que não havia convocação e não esclareceu sobre a dispensa legal.",00:25:56,False,True,3,1.0
2026092900511,29/09/2026,11:22:34,Silvania Barreto,Multa / Quitação Eleitoral / Certidões,Não Resolvido,Atendimento Incompleto,"A consulta foi sobre um problema de acesso ao sistema de um eleitor, mas não houve solução efetiva para o problema apresentado. O atendimento encerrou sem resolver a questão principal do eleitor.",00:21:01,False,True,10,1.0
2026092900516,29/09/2026,11:24:12,Roberto Cezar,Treinamento / Convocação de Mesário,Resolvido,Respeitoso e Cortês,O eleitor solicitou informações sobre a declaração do curso de treinamento e foi orientado a entrar em contato com a Zona Eleitoral para obter a declaração. O atendimento foi encerrado após a eleição de contato.,01:10:39,True,True,5,3602.0
2026092900522,29/09/2026,11:28:39,Valéria,Situação Eleitoral / Título Cancelado ou Regular,Resolvido,Respeitoso e Cortês,"O eleitor informou que estava tendo problemas para acessar seu e-título devido a um erro de nome. O operador orientou-o a informar corretamente seus dados, incluindo o nome do pai, e a pedir revisão para que o nome fosse corrigido. O eleitor agradeceu o atendimento e avaliou o atendimento como nota 5.",00:17:54,False,True,10,0.0
2026092900524,29/09/2026,11:31:22,Jeanne Pereira de Oliveira,Outros Assuntos,Resolvido,Atendimento Eficiente,O eleitor solicitou informações sobre a dispensa de serviço para ser presidente de sessão e foi encaminhado ao cartório eleitoral da sua zona para verificar o status. O atendimento foi eficiente e o eleitor confirmou que conseguiu contato e resolução do problema.,00:09:04,False,True,6,0.0
2026092900529,29/09/2026,11:33:32,Cláudia,Situação Eleitoral / Título Cancelado ou Regular,Resolvido,Respeitoso e Cortês,O eleitor conseguiu acessar o aplicativo de título de eleitor após um erro de digitação no sistema. O operador orientou sobre a necessidade de atualizar os dados no futuro e confirmou os dados atualmente disponíveis.,01:21:07,False,True,12,3608.0
2026092900531,29/09/2026,11:34:01,Valéria,Situação Eleitoral / Título Cancelado ou Regular,Não Resolvido,Respeitoso e Cortês,O eleitor informou que o nome do seu pai estava incorreto em seu cadastro e solicitou orientação para justificar sua ausência de voto. O operador informou que o nome estava correto como havia sido informado anteriormente e não pôde fornecer uma solução para a divergência.,00:39:58,False,True,9,1.0
2026092900548,29/09/2026,11:49:51,Valéria,Justificativa Eleitoral,Não Resolvido,Respeitoso e Cortês,O eleitor solicitou orientação sobre como desistir de trabalhar na eleição devido à gripe. O operador informou que ele poderia apresentar um atestado e encaminhou as instruções para o contato com a zona eleitoral por email ou ligação.,01:40:25,True,True,11,0.0
2026092900554,29/09/2026,11:55:58,André Gomes,Local de Votação / Seção Eleitoral,Resolvido,Respeitoso e Cortês,O eleitor solicitou informações sobre o local e seção de votação para ele e seu esposo. O operador confirmou os locais e encaminhou as informações dos candidatos para a região do eleitor.,00:13:05,False,True,6,1.0
2026092900558,29/09/2026,11:57:44,André Gomes,Local de Votação / Seção Eleitoral,Resolvido,Respeitoso e Cortês,O eleitor solicitou a localização da seção eleitoral e foi informado corretamente. O atendimento foi respeitoso e cortês.,00:08:13,False,True,3,1.0
2026092900564,29/09/2026,12:01:37,André Gomes,Situação Eleitoral / Título Cancelado ou Regular,Resolvido,Respeitoso e Cortês,"O eleitor teve suas dúvidas sobre a atualização da biometria resolvidas. O operador informou que a situação do eleitor estava regular e que ele poderia votar normalmente, apenas levando um documento de identidade com foto. O atendimento foi encerrado com um cumprimento.",00:19:15,False,True,5,1.0
2026092900565,29/09/2026,12:01:38,João Fidelis,Treinamento / Convocação de Mesário,Resolvido,Respeitoso e Cortês,O eleitor informou que concluiu o treinamento de mesário voluntário e estava recebendo uma mensagem para finalizar. O operador confirmou que o certificado já havia sido emitido e informou que o eleitor poderia desconsiderar a mensagem. O atendimento foi encerrado após a resolução da dúvida.,00:49:53,False,True,3,0.0
2026092900567,29/09/2026,12:01:47,João Fidelis,Outros Assuntos,Resolvido,Respeitoso e Cortês,O eleitor fez uma consulta sobre as cores que pode usar como uniforme de mesário. O operador esclareceu sobre as cores neutras permitidas e encerrou o atendimento.,00:05:13,False,True,4,0.0
2026092900569,29/09/2026,12:02:18,André Gomes,Outros Assuntos,Resolvido,Atento e Preparado,O eleitor solicitou um documento de convocação para trabalhar como mesária. O operador enviou o arquivo solicitado e encerrou a conversa.,01:50:07,False,True,2,6120.0
2026092900573,29/09/2026,12:04:11,André Gomes,Multa / Quitação Eleitoral / Certidões,Resolvido,Respeitoso e Cortês,O eleitor fez uma consulta sobre o pagamento de auxílio alimentação e foi informado sobre o horário de depósito. O atendimento foi respeitoso e cortês.,00:05:57,False,True,2,0.0
2026092900580,29/09/2026,12:08:46,Roberto Cezar,Outros Assuntos,Resolvido,Respeitoso e Cortês,"A eleitora solicitou esclarecimento sobre um áudio enviado, mas não especificou o assunto. O operador respondeu de forma respeitosa e cortês, encaminhando o caso para o atendimento adequado.",00:19:13,True,True,5,0.0
2026092900582,29/09/2026,12:09:35,Roberto Cezar,Local de Votação / Seção Eleitoral,Resolvido,Respeitoso e Cortês,"O eleitor fez uma consulta sobre os pontos de embarque e transporte gratuito para votar em Mangabeira, e o operador esclareceu que serão as linhas convencionais. A consulta foi encerrada com agradecimento.",01:07:30,False,True,4,3604.0
2026092900584,29/09/2026,12:12:10,Roberto Cezar,Situação Eleitoral / Título Cancelado ou Regular,Resolvido,Atento e Clarificando,O eleitor informou que seu título estava cancelado e solicitou orientações sobre a regularização. O operador explicou que ele só poderia votar na próxima eleição e encaminhou o arquivo para consulta. O atendimento foi respeitoso e esclareceu as dúvidas do eleitor.,00:22:39,False,True,6,1.0
2026092900592,29/09/2026,12:18:59,Roberto Cezar,Outros Assuntos,Resolvido,Respeitoso e Cortês,O eleitor solicitou informações sobre a convocação para trabalhos eleitorais e foi informado sobre a situação. O atendimento foi encerrado após a solução da dúvida.,00:28:28,False,True,5,0.0
2026092900608,29/09/2026,12:22:09,Roberto Cezar,Situação Eleitoral / Título Cancelado ou Regular,Não Resolvido,Respeitoso e Cortês,O eleitor informou que seu título de eleitor estava cancelado devido a condenações criminais. O operador informou sobre a suspensão dos direitos políticos devido às condenações e não pôde fornecer acesso aos processos. O eleitor encerrou a conversa agradecendo.,00:12:37,False,True,8,1.0
2026092900646,29/09/2026,12:27:30,Alana,Outros Assuntos,Resolvido,Respeitoso e Cortês,A consulta do eleitor foi resolvida sobre a chave PIX usando seu CPF. O operador encerrou o atendimento informando que o eleitor não tinha mais dúvidas e solicitando que o eleitor contatasse novamente se necessário.,00:54:21,False,True,3,2.0
2026092900665,29/09/2026,12:32:51,Roberto Cezar,Outros Assuntos,Resolvido,Respeitoso e Cortês,"O eleitor teve dúvidas sobre o treinamento de mesário voluntário e foi orientado a realizar o curso pelo aplicativo. Em seguida, teve problemas com o reconhecimento de dados no aplicativo e foi encaminhado para atualizações. O operador também enviou um guia do eleitor com outras informações úteis e encerrou o atendimento.",00:12:21,True,True,13,0.0
2026092900676,29/09/2026,12:38:24,André Gomes,Situação Eleitoral / Título Cancelado ou Regular,Não Resolvido,Respeitoso e Cortês,"O eleitor informou que seu título está cancelado e solicitou orientação para resolver o problema. O operador informou que a regularização só pode ser feita após as eleições e que o eleitor deve comparecer a um cartório eleitoral. O atendimento foi respeitoso e cortês, mas o problema não foi resolvido.",01:17:58,False,True,3,3827.0
2026092900686,29/09/2026,12:43:20,Alana,Local de Votação / Seção Eleitoral,Resolvido,Atento e Preparado,"O eleitor solicitou a portaria para a eleição e o operador orientou-o a consultar e imprimir a portaria no site do TSE. Após tentativas de solução, o operador sugeriu que o eleitor gerasse a convocação de mesário no mesmo site, o que o eleitor conseguiu realizar. O atendimento foi encerrado após a solução do problema.",00:38:22,True,True,17,0.0
2026092900689,29/09/2026,12:45:13,Roberto Cezar,Outros Assuntos,Não Resolvido,Não Respondeu,"O eleitor solicitou informações sobre o horário de funcionamento de bares e restaurantes na véspera da eleição. O operador informou que não havia restrições, mas não forneceu horários específicos. O atendimento foi encerrado sem resolver a dúvida do eleitor.",00:23:18,False,True,4,0.0
2026092900691,29/09/2026,12:47:15,Silvania Barreto,Justificativa Eleitoral,Não Resolvido,Desconectado,"O eleitor perguntou sobre como tirar o título de eleitor, mas a operadora não respondeu corretamente e apenas informou que não é possível tirar título no momento.",01:14:02,False,True,2,4086.0
2026092900703,29/09/2026,12:55:56,André Gomes,Multa / Quitação Eleitoral / Certidões,Resolvido,Atendimento Eficiente,"O eleitor pagou uma multa e recebeu confirmação de quitada. O operador não solicitou mais assistência, indicando que o problema foi resolvido.",00:33:31,False,True,4,0.0
2026092900704,29/09/2026,12:56:06,Márcia Gomes,Situação Eleitoral / Título Cancelado ou Regular,Resolvido,Atento e Preciso,O eleitor teve problemas para entrar no e-título devido a um erro de digitação no nome do pai. O operador orientou sobre a correção do nome e encaminhou o eleitor para a solicitação de correção no site do TRE-PB.,00:17:04,False,True,15,0.0
2026092900705,29/09/2026,12:56:53,Silvania Barreto,Treinamento / Convocação de Mesário,Resolvido,Respeitoso e Cortês,"O eleitor obteve esclarecimentos sobre o direito à dispensa de serviço como mesária ou mesário, incluindo informações sobre o processo de comprovação e os direitos previstos na Lei nº 9.504/1997 e Resolução TSE nº 23.751. O operador encaminhou o link e o site do TSE para a consulta do eleitor.",00:33:56,False,True,7,0.0
2026092900714,29/09/2026,13:01:48,Cláudia,Situação Eleitoral / Título Cancelado ou Regular,Resolvido,Respeitoso e Cortês,O eleitor teve suas dúvidas sobre a regularização do título cancelado respondidas. Foi informado que a regularização só pode ser realizada em novembro e que a multa será paga posteriormente. O operador orientou sobre a localização dos cartórios eleitorais para regularização.,00:14:48,False,True,8,1.0
2026092900728,29/09/2026,13:05:23,Cláudia,Situação Eleitoral / Título Cancelado ou Regular,Resolvido,Respeitoso e Cortês,"A eleitora teve seu título de eleitor corrigido após informar os dados corretos da sua mãe. O operador encerrou a conversa, informando que a dúvida foi resolvida e solicitando que a eleitora acessasse o link para confirmação da convocação ou pedido de dispensa.",00:56:55,False,True,15,0.0
2026092900757,29/09/2026,13:10:26,Valéria,Justificativa Eleitoral,Resolvido,Respeitoso e Cortês,O eleitor solicitou justificar sua ausência nas eleições devido à distância de sua zona de convocação. O operador orientou-o a ligar para o número 3512-1577 para solicitar a justificativa.,00:15:12,False,True,5,0.0
2026092900758,29/09/2026,13:10:39,João Fidelis,Local de Votação / Seção Eleitoral,Resolvido,Respeitoso e Cortês,O eleitor solicitou a localização da seção eleitoral e recebeu as informações corretas. O atendimento foi eficaz e o operador encerrou a conversa com um bom-dia.,00:47:55,False,True,4,0.0
2026092900774,29/09/2026,13:14:43,Márcia Gomes,Justificativa Eleitoral,Resolvido,Respeitoso e Cortês,"O eleitor solicitou informações sobre a dispensa de comparecimento à convocação de mesário e foi orientado sobre o processo de solicitação, incluindo o envio de e-mail para a Zona Eleitoral e os contatos de contato. O operador confirmou que o eleitor poderia votar normalmente após a solicitação de dispensa.",00:17:30,False,True,12,1.0
2026092900800,29/09/2026,13:26:44,Silvania Barreto,Justificativa Eleitoral,Não Resolvido,Desconectado e Desinformado,"O eleitor solicitou orientação sobre como justificar sua ausência nas eleições, mas a operadora apenas sugeriu que ele enviasse um e-mail e ligasse para o cartório. Não houve uma solução clara ou resolução do problema.",00:32:49,False,True,14,79.0
2026092900865,29/09/2026,13:55:49,Roberto Cezar,Justificativa Eleitoral,Resolvido,Respeitoso e Cortês,"O eleitor solicitou como justificar sua ausência como mesária devido a uma cirurgia. O operador orientou-o a comunicar o ocorrido ao Cartório Eleitoral, permitindo que uma segunda pessoa fizesse essa comunicação.",00:07:58,False,True,4,1.0
